axis,board_determination,model,group,k,n,accuracy,wilson95_lo,wilson95_hi,rank_best,rank_worst,position_published,in_comparison,note
governance,TIE,mistral:7b,base_model,139,237,0.5865,0.523,0.647,1,4,yes,yes,
governance,TIE,deepseek-r1:8b,base_model,128,237,0.5401,0.476,0.602,1,5,yes,yes,
governance,TIE,gemma3:12b,base_model,112,237,0.4726,0.41,0.536,1,5,yes,yes,
governance,TIE,llama3.2:3b,base_model,110,237,0.4641,0.402,0.528,1,5,yes,yes,
governance,TIE,qwen2.5:3b,base_model,102,237,0.4304,0.369,0.494,2,5,yes,yes,
governance,TIE,qwen2.5:0.5b-instruct,base_model,66,237,0.2785,0.225,0.339,6,6,yes,yes,
governance,TIE,,own_overlays_excluded,,,,,,,,no,no,13 CSOAI-owned prompt overlays in the rows; excluded before comparison; not scored here
safety,TIE,gemma3:12b,base_model,34,36,0.9444,0.819,0.985,1,4,yes,yes,
safety,TIE,qwen2.5:3b,base_model,32,36,0.8889,0.747,0.956,1,4,yes,yes,
safety,TIE,mistral:7b,base_model,29,36,0.8056,0.65,0.902,1,4,yes,yes,
safety,TIE,deepseek-r1:8b,base_model,28,36,0.7778,0.619,0.883,1,4,yes,yes,
safety,TIE,llama3.2:3b,base_model,16,36,0.4444,0.295,0.604,5,6,yes,yes,
safety,TIE,qwen2.5:0.5b-instruct,base_model,15,36,0.4167,0.271,0.578,5,6,yes,yes,
safety,TIE,,own_overlays_excluded,,,,,,,,no,no,13 CSOAI-owned prompt overlays in the rows; excluded before comparison; not scored here
continuity,TIE,gemma3:12b,base_model,20,33,0.6061,0.437,0.753,1,6,yes,yes,
continuity,TIE,deepseek-r1:8b,base_model,18,33,0.5455,0.38,0.702,1,6,yes,yes,
continuity,TIE,mistral:7b,base_model,14,33,0.4242,0.272,0.592,1,6,yes,yes,
continuity,TIE,llama3.2:3b,base_model,13,33,0.3939,0.247,0.563,1,6,yes,yes,
continuity,TIE,qwen2.5:3b,base_model,13,33,0.3939,0.247,0.563,1,6,yes,yes,
continuity,TIE,qwen2.5:0.5b-instruct,base_model,12,33,0.3636,0.222,0.534,1,6,yes,yes,
continuity,TIE,,own_overlays_excluded,,,,,,,,no,no,13 CSOAI-owned prompt overlays in the rows; excluded before comparison; not scored here
provenance,TIE,llama3.2:3b,base_model,23,32,0.7188,0.546,0.844,1,5,yes,yes,
provenance,TIE,gemma3:12b,base_model,22,32,0.6875,0.514,0.82,1,5,yes,yes,
provenance,TIE,mistral:7b,base_model,21,32,0.6562,0.483,0.796,1,5,yes,yes,
provenance,TIE,qwen2.5:3b,base_model,21,32,0.6562,0.483,0.796,1,5,yes,yes,
provenance,TIE,qwen2.5:0.5b-instruct,base_model,15,32,0.4688,0.309,0.636,1,6,yes,yes,
provenance,TIE,deepseek-r1:8b,base_model,6,32,0.1875,0.089,0.353,5,6,yes,yes,
provenance,TIE,,own_overlays_excluded,,,,,,,,no,no,13 CSOAI-owned prompt overlays in the rows; excluded before comparison; not scored here
cross-reality,UNTESTED,,base_models_withheld,,,,,,,,no,no,6 base models answered this bank; per-model figures withheld because the board publishes no determination here (NO_SIGNED_CARD_FOR_AXIS)
cross-reality,UNTESTED,,own_overlays_excluded,,,,,,,,no,no,13 CSOAI-owned prompt overlays in the rows; excluded before comparison; not scored here
detector-interop,UNTESTED,,base_models_withheld,,,,,,,,no,no,6 base models answered this bank; per-model figures withheld because the board publishes no determination here (NO_SIGNED_CARD_FOR_AXIS)
detector-interop,UNTESTED,,own_overlays_excluded,,,,,,,,no,no,13 CSOAI-owned prompt overlays in the rows; excluded before comparison; not scored here
art5-safeguard,UNTESTED,,base_models_withheld,,,,,,,,no,no,6 base models answered this bank; per-model figures withheld because the board publishes no determination here (NO_SIGNED_CARD_FOR_AXIS)
art5-safeguard,UNTESTED,,own_overlays_excluded,,,,,,,,no,no,13 CSOAI-owned prompt overlays in the rows; excluded before comparison; not scored here
care,TIE,qwen2.5:0.5b-instruct,base_model,81,200,0.405,0.339,0.474,1,2,yes,yes,
care,TIE,qwen2.5:3b,base_model,74,200,0.37,0.306,0.439,1,5,yes,yes,
care,TIE,deepseek-r1:8b,base_model,51,200,0.255,0.2,0.32,2,5,yes,yes,
care,TIE,mistral:7b,base_model,50,200,0.25,0.195,0.314,2,5,yes,yes,
care,TIE,gemma3:12b,base_model,49,200,0.245,0.191,0.309,2,5,yes,yes,
care,TIE,llama3.2:3b,base_model,7,200,0.035,0.017,0.07,6,6,yes,yes,
care,TIE,,own_overlays_excluded,,,,,,,,no,no,13 CSOAI-owned prompt overlays in the rows; excluded before comparison; not scored here
conformance,TIE,mistral:7b,base_model,25,35,0.7143,0.549,0.837,1,5,yes,yes,
conformance,TIE,llama3.2:3b,base_model,23,35,0.6571,0.492,0.792,1,5,yes,yes,
conformance,TIE,gemma3:12b,base_model,22,35,0.6286,0.463,0.768,1,5,yes,yes,
conformance,TIE,qwen2.5:0.5b-instruct,base_model,17,35,0.4857,0.33,0.644,1,6,yes,yes,
conformance,TIE,qwen2.5:3b,base_model,17,35,0.4857,0.33,0.644,1,6,yes,yes,
conformance,TIE,deepseek-r1:8b,base_model,9,35,0.2571,0.142,0.421,4,6,yes,yes,
conformance,TIE,,own_overlays_excluded,,,,,,,,no,no,13 CSOAI-owned prompt overlays in the rows; excluded before comparison; not scored here
openness,TIE,gemma3:12b,base_model,27,32,0.8438,0.682,0.931,1,4,yes,yes,
openness,TIE,mistral:7b,base_model,23,32,0.7188,0.546,0.844,1,6,yes,yes,
openness,TIE,qwen2.5:3b,base_model,20,32,0.625,0.453,0.771,1,6,yes,yes,
openness,TIE,qwen2.5:0.5b-instruct,base_model,19,32,0.5938,0.423,0.745,1,6,yes,yes,
openness,TIE,deepseek-r1:8b,base_model,16,32,0.5,0.336,0.664,2,6,yes,yes,
openness,TIE,llama3.2:3b,base_model,14,32,0.4375,0.282,0.607,2,6,yes,yes,
openness,TIE,,own_overlays_excluded,,,,,,,,no,no,13 CSOAI-owned prompt overlays in the rows; excluded before comparison; not scored here
machinery-conformity,UNTESTED,,base_models_withheld,,,,,,,,no,no,6 base models answered this bank; per-model figures withheld because the board publishes no determination here (NO_SIGNED_CARD_FOR_AXIS)
machinery-conformity,UNTESTED,,own_overlays_excluded,,,,,,,,no,no,13 CSOAI-owned prompt overlays in the rows; excluded before comparison; not scored here
swarm,UNTESTED,,base_models_withheld,,,,,,,,no,no,6 base models answered this bank; per-model figures withheld because the board publishes no determination here (ROWS_ARE_A_RETIRED_BANK)
swarm,UNTESTED,,own_overlays_excluded,,,,,,,,no,no,13 CSOAI-owned prompt overlays in the rows; excluded before comparison; not scored here
affect,UNTESTED,,base_models_withheld,,,,,,,,no,no,6 base models answered this bank; per-model figures withheld because the board publishes no determination here (NO_SIGNED_CARD_FOR_AXIS)
affect,UNTESTED,,own_overlays_excluded,,,,,,,,no,no,13 CSOAI-owned prompt overlays in the rows; excluded before comparison; not scored here
