lead_id,company_legal_name
T9-0011,ELI LILLY & Co
T9-0020,APPLIED MATERIALS INC /DE
T9-0026,COSTCO WHOLESALE CORP /NEW
T9-0027,BANK OF AMERICA CORP /DE/
T9-0036,ARM HOLDINGS PLC /UK
T9-0039,"Merck & Co., Inc."
T9-0041,KLA CORP
T9-0049,INTERNATIONAL BUSINESS MACHINES CORP
T9-0052,WELLS FARGO & COMPANY/MN
T9-0059,MITSUBISHI UFJ FINANCIAL GROUP INC
T9-0073,TORONTO DOMINION BANK
T9-0077,SAP SE
T9-0086,Walt Disney Co
T9-0088,TJX COMPANIES INC /DE/
T9-0089,CORNING INC /NY
T9-0090,SCHWAB CHARLES CORP
T9-0091,DEERE & CO
T9-0093,UBS Group AG
T9-0109,Booking Holdings Inc.
T9-0114,DEUTSCHE TELEKOM AG
T9-0128,CAPITAL ONE FINANCIAL CORP
T9-0131,British American Tobacco p.l.c.
T9-0133,BANK OF MONTREAL /CAN/
T9-0140,PDD Holdings Inc.
T9-0143,INFINEON TECHNOLOGIES AG
T9-0152,CANADIAN IMPERIAL BANK OF COMMERCE /CAN/
T9-0161,Bank of New York Mellon Corp
T9-0163,"PNC FINANCIAL SERVICES GROUP, INC."
T9-0166,MARRIOTT INTERNATIONAL INC /MD/
T9-0167,BROOKFIELD Corp /ON/
T9-0169,BP PLC
T9-0170,US BANCORP DE
T9-0172,UNITED PARCEL SERVICE INC
T9-0177,"ASE Technology Holding Co., Ltd."
T9-0178,ING GROEP NV
T9-0184,Itau Unibanco Holding S.A.
T9-0190,KKR & Co. Inc.
T9-0195,SIMON PROPERTY GROUP INC.
T9-0196,Johnson Controls International plc
T9-0198,CME GROUP INC.
T9-0203,3M CO
T9-0212,VALERO ENERGY CORP/TX
T9-0217,NORTHROP GRUMMAN CORP /DE/
T9-0218,CANADIAN PACIFIC KANSAS CITY LTD/CN
T9-0222,AMERICAN TOWER CORP /MA/
T9-0223,AMERICA MOVIL SAB DE CV/
T9-0225,Hilton Worldwide Holdings Inc.
T9-0235,"Intercontinental Exchange, Inc."
T9-0236,O REILLY AUTOMOTIVE INC
T9-0242,CINTAS CORP
T9-0243,NORFOLK SOUTHERN CORP
T9-0244,CRH PUBLIC LTD CO
T9-0253,NXP Semiconductors N.V.
T9-0255,DEUTSCHE BANK AKTIENGESELLSCHAFT
T9-0259,"ROSS STORES, INC."
T9-0261,ENI SPA
T9-0263,SLB LIMITED/NV
T9-0269,Nu Holdings Ltd.
T9-0275,BARRICK MINING CORP
T9-0278,"W.W. GRAINGER, INC."
T9-0280,Sea Ltd
T9-0300,"Cencora, Inc."
T9-0327,FIFTH THIRD BANCORP
T9-0337,FLEX LTD.
T9-0350,"Block, Inc."
T9-0357,"BILI Social International, Inc."
T9-0372,SUN LIFE FINANCIAL INC
T9-0373,MEXICAN ECONOMIC DEVELOPMENT INC
T9-0374,IDEXX LABORATORIES INC /DE
T9-0386,"AMERICAN INTERNATIONAL GROUP, INC."
T9-0390,Bayerische Motoren Werke AG/ADR
T9-0393,PUBLIC SERVICE ENTERPRISE GROUP INC
T9-0396,JBS N.V.
T9-0406,THOMSON REUTERS CORP /CAN/
T9-0408,"WEC ENERGY GROUP, INC."
T9-0417,"HARTFORD INSURANCE GROUP, INC."
T9-0422,"TKO Group Holdings, Inc."
T9-0427,BANK BRADESCO
T9-0429,HUNTINGTON BANCSHARES INC /MD/
T9-0430,Strategy Inc
T9-0431,MARTIN MARIETTA MATERIALS INC
T9-0432,"JD.com, Inc."
T9-0440,FAIRFAX FINANCIAL HOLDINGS LTD/ CAN
T9-0457,"Expedia Group, Inc."
T9-0468,SHINHAN FINANCIAL GROUP CO LTD
T9-0473,CREDICORP LTD
T9-0478,VODAFONE GROUP PUBLIC LTD CO
T9-0480,TELEDYNE TECHNOLOGIES INC
T9-0485,GE HealthCare Technologies Inc.
T9-0487,"Cheniere Energy Partners, L.P."
T9-0488,Amrize Ltd
T9-0497,FAIR ISAAC CORP
T9-0504,DOVER Corp
T9-0518,PPL Corp
T9-0530,KONINKLIJKE PHILIPS NV
T9-0531,HUNT J B TRANSPORT SERVICES INC
T9-0541,REGIONS FINANCIAL CORP
T9-0543,Trip.com Group Ltd
T9-0545,HUBBELL INC
T9-0547,ATI INC
T9-0551,PRICE T ROWE GROUP INC
T9-0553,INTERCONTINENTAL HOTELS GROUP PLC /NEW/
T9-0556,KEYCORP /NEW/
T9-0558,MKS INC
T9-0562,"MACOM Technology Solutions Holdings, Inc."
T9-0568,FIRST CITIZENS BANCSHARES INC /DE/
T9-0578,"BROWN & BROWN, INC."
T9-0579,Fox Corp
T9-0581,LPL Financial Holdings Inc.
T9-0583,LABCORP HOLDINGS INC.
T9-0587,CHURCH & DWIGHT CO INC /DE/
T9-0592,Brookfield Renewable Partners L.P.
T9-0594,"F5, INC."
T9-0599,COCA COLA FEMSA SAB DE CV
T9-0603,"C. H. ROBINSON WORLDWIDE, INC."
T9-0609,"Fidelity National Information Services, Inc."
T9-0613,"CHARTER COMMUNICATIONS, INC. /MO/"
T9-0615,INTERNATIONAL FLAVORS & FRAGRANCES INC
T9-0620,PACKAGING CORP OF AMERICA
T9-0622,"DICK'S SPORTING GOODS, INC."
T9-0628,CHEMICAL & MINING CO OF CHILE INC
T9-0633,INTERNATIONAL PAPER CO /NEW/
T9-0637,COMPANHIA DE SANEAMENTO BASICO DO ESTADO DE SAO PAULO-SABESP
T9-0641,BCE INC
T9-0642,DOW INC.
T9-0643,BANK OF CHILE
T9-0654,Banco Santander (Brasil) S.A.
T9-0658,"RELIANCE, INC."
T9-0660,Grupo Cibest S.A.
T9-0663,Madison Air Solutions Corp
T9-0670,APi Group Corp
T9-0672,"Western Midstream Partners, LP"
T9-0681,EAST WEST BANCORP INC
T9-0682,"Super Micro Computer, Inc."
T9-0683,ZTO Express (Cayman) Inc.
T9-0689,YPF SOCIEDAD ANONIMA
T9-0699,Joint Stock Co Kaspi.kz
T9-0702,"CF Industries Holdings, Inc."
T9-0703,MID AMERICA APARTMENT COMMUNITIES INC.
T9-0705,BALL Corp
T9-0707,"QXO, Inc."
T9-0708,ITT INC.
T9-0709,KE Holdings Inc.
T9-0712,WATSCO INC
T9-0713,TRACTOR SUPPLY CO /DE/
T9-0717,LATAM AIRLINES GROUP S.A.
T9-0721,EMERA INC
T9-0728,LAMAR ADVERTISING CO/NEW
T9-0732,"Medpace Holdings, Inc."
T9-0748,BANCO SANTANDER CHILE
T9-0753,"UDR, Inc."
T9-0754,JONES LANG LASALLE INC
T9-0759,Pacific Airport Group
T9-0766,James Hardie Industries plc
T9-0770,CARLISLE COMPANIES INC
T9-0774,Warner Music Group Corp.
T9-0783,WOORI FINANCIAL GROUP INC.
T9-0784,NEWS CORP
T9-0785,REINSURANCE GROUP OF AMERICA INC
T9-0791,RPM INTERNATIONAL INC/DE/
T9-0805,IREN Ltd
T9-0810,Lytus Technologies Holdings PTV. Ltd.
T9-0815,ERIE INDEMNITY CO
T9-0824,Futu Holdings Ltd
T9-0825,CNH Industrial N.V.
T9-0829,ICON PLC
T9-0831,Evercore Inc.
T9-0852,Unity Software Inc.
T9-0859,"REVVITY, INC."
T9-0860,"CROWN HOLDINGS, INC."
T9-0862,AGNC Investment Corp.
T9-0875,ADVANCED ENERGY INDUSTRIES INC
T9-0877,"Gaming & Leisure Properties, Inc."
T9-0879,J M SMUCKER Co
T9-0880,Knight-Swift Transportation Holdings Inc.
T9-0886,"BXP, Inc."
T9-0905,NEW YORK TIMES CO
T9-0907,Brookfield Wealth Solutions Ltd.
T9-0926,"HUNTINGTON INGALLS INDUSTRIES, INC."
T9-0930,APA Corp
T9-0934,"SPX Technologies, Inc."
T9-0945,YARA INTERNATIONAL ASA
T9-0947,Planet Labs PBC
T9-0949,"CHARLES RIVER LABORATORIES INTERNATIONAL, INC."
T9-0956,SEI INVESTMENTS CO
T9-0959,Hut 8 Corp.
T9-0960,UMB FINANCIAL CORP
T9-0965,"POPULAR, INC."
T9-0979,AES CORP
T9-0991,"ZIONS BANCORPORATION, NATIONAL ASSOCIATION /UT/"
T9-0998,OLD NATIONAL BANCORP /IN/
T9-1018,"CULLEN/FROST BANKERS, INC."
T9-1024,TIMKEN CO
T9-1031,WESTLAKE CORP
T9-1038,MP Materials Corp. / DE
T9-1047,SOUTHEAST AIRPORT GROUP
T9-1053,"COLUMBIA BANKING SYSTEM, INC."
T9-1056,Oklo Inc.
T9-1058,"AFFILIATED MANAGERS GROUP, INC."
T9-1071,WESTERN ALLIANCE BANCORPORATION
T9-1087,SMITH A O CORP
T9-1091,ENERGY CO OF PARANA
T9-1092,IDACORP INC
T9-1104,COMMERCE BANCSHARES INC /MO/
T9-1105,"Sprouts Farmers Market, Inc."
T9-1129,"APTARGROUP, INC."
T9-1130,VALLEY NATIONAL BANCORP
T9-1138,FEDERAL SIGNAL CORP /DE/
T9-1146,"Rexford Industrial Realty, Inc."
T9-1159,"Mirum Pharmaceuticals, Inc."
T9-1160,Ralliant Corp
T9-1165,JBT MAREL Corp
T9-1167,Loar Holdings Inc.
T9-1170,"Central Bancompany, Inc."
T9-1172,UGI CORP /PA/
T9-1177,Booz Allen Hamilton Holding Corp
T9-1183,Super Group (SGHC) Ltd
T9-1196,South Bow Corp
T9-1199,"Arcosa, Inc."
T9-1201,Enpro Inc.
T9-1202,FEDERAL NATIONAL MORTGAGE ASSOCIATION FANNIE MAE
T9-1209,"PACS Group, Inc."
T9-1211,DPC Holdings Ltd
T9-1213,DSC Holdings Ltd.
T9-1223,"OneMain Holdings, Inc."
T9-1226,MSC INDUSTRIAL DIRECT CO INC
T9-1229,QMMM Holdings Ltd
T9-1231,"Core Scientific, Inc./tx"
T9-1234,FNB CORP/PA/
T9-1237,"ESSENTIAL PROPERTIES REALTY TRUST, INC."
T9-1241,MYR GROUP INC.
T9-1244,"Vista Energy, S.A.B. de C.V."
T9-1257,Taylor Morrison Home Corp
T9-1261,LEAR CORP
T9-1265,VSE CORP
T9-1269,CHEMED CORP
T9-1271,ICL Group Ltd.
T9-1280,V F CORP
T9-1281,UNITED BANKSHARES INC/WV
T9-1288,Brookfield Business Corp
T9-1297,TXNM ENERGY INC
T9-1306,COMMVAULT SYSTEMS INC
T9-1312,"Janus Living, Inc."
T9-1329,"FLAGSTAR BANK, NATIONAL ASSOCIATION"
T9-1331,Ameris Bancorp
T9-1332,Noble Corp plc
T9-1336,Atlantic Union Bankshares Corp
T9-1340,Grupo Aval Acciones Y Valores S.A.
T9-1344,ENERGY CO OF MINAS GERAIS
T9-1345,"GXO Logistics, Inc."
T9-1346,Essent Group Ltd.
T9-1347,GDS Holdings Ltd
T9-1356,OR Royalties Inc.
T9-1375,Macro Bank Inc.
T9-1382,"ALASKA AIR GROUP, INC."
T9-1384,RUSH ENTERPRISES INC \TX\
T9-1390,MDA Space Ltd.
T9-1392,BLACK HILLS CORP /SD/
T9-1399,LOUISIANA-PACIFIC CORP
T9-1413,"WEST FRASER TIMBER CO., LTD"
T9-1422,TELECOM ARGENTINA SA
T9-1423,Central North Airport Group
T9-1431,"BGC Group, Inc."
T9-1436,Valaris Ltd
T9-1441,Stevanato Group S.p.A.
T9-1448,"Oruka Therapeutics, Inc."
T9-1450,Alliance Laundry Holdings Inc.
T9-1454,Moelis & Co
T9-1455,Graham Holdings Co
T9-1458,"Sabra Health Care REIT, Inc."
T9-1465,RADIAN GROUP INC
T9-1471,TFS Financial CORP
T9-1473,FIRST FINANCIAL BANKSHARES INC
T9-1477,"Kiniksa Pharmaceuticals International, plc"
T9-1484,Dave Inc./DE
T9-1486,SILGAN HOLDINGS INC
T9-1488,"CNO Financial Group, Inc."
T9-1489,"HA Sustainable Infrastructure Capital, Inc."
T9-1491,ICAHN ENTERPRISES L.P.
T9-1494,"GPGI, Inc."
T9-1503,SLM Corp
T9-1507,"Eastern Bankshares, Inc."
T9-1508,PIPER SANDLER COMPANIES
T9-1511,Brookfield Infrastructure Corp
T9-1513,CNX Resources Corp
T9-1522,"MARA Holdings, Inc."
T9-1528,Science Applications International Corp
T9-1532,"Life360, Inc."
T9-1544,FULTON FINANCIAL CORP
T9-1552,"e.l.f. Beauty, Inc."
T9-1553,TANGER INC.
T9-1558,HERC HOLDINGS INC
T9-1576,DIODES INC /DEL/
T9-1579,"RXO, Inc."
T9-1582,"MiniMed Group, Inc."
T9-1593,MDU RESOURCES GROUP INC
T9-1600,GAS TRANSPORTER OF THE SOUTH INC
T9-1612,UNITED COMMUNITY BANKS INC
T9-1616,CMB.TECH NV
T9-1618,"Post Holdings, Inc."
T9-1622,"iRhythm Holdings, Inc."
T9-1630,TELEPHONE & DATA SYSTEMS INC /DE/
T9-1631,CORPORACION AMERICA AIRPORTS S.A.
T9-1634,monday.com Ltd.
T9-1642,FIRST BANCORP /PR/
T9-1650,GEO GROUP INC
T9-1653,"BILL Holdings, Inc."
T9-1655,CVB FINANCIAL CORP
T9-1657,WSFS FINANCIAL CORP
T9-1660,"Core Natural Resources, Inc."
T9-1664,Banco BBVA Argentina S.A.
T9-1667,BRIGHT HORIZONS FAMILY SOLUTIONS INC.
T9-1668,"MIAMI INTERNATIONAL HOLDINGS, INC."
T9-1671,Ondas Inc.
T9-1682,ICU MEDICAL INC/DE
T9-1687,SKYWEST INC
T9-1702,Archer Aviation Inc.
T9-1713,"Palomar Holdings, Inc."
T9-1714,Madison Square Garden Entertainment Corp.
T9-1716,AXT INC
T9-1717,"F&G Annuities & Life, Inc."
T9-1718,"Atlanta Braves Holdings, Inc."
T9-1719,FEDERAL HOME LOAN MORTGAGE CORP
T9-1724,UNIVERSAL DISPLAY CORP \PA\
T9-1728,"FIRST HAWAIIAN, INC."
T9-1734,FIRST FINANCIAL BANCORP /OH/
T9-1741,Mechanics Bancorp
T9-1751,NICOLET BANKSHARES INC
T9-1753,SunocoCorp LLC
T9-1757,ST JOE Co
T9-1767,PVH CORP. /DE/
T9-1775,GROUP 1 AUTOMOTIVE INC
T9-1789,TIDEWATER INC
T9-1793,PARK NATIONAL CORP /OH/
T9-1795,SL Science Holding Ltd
T9-1801,WD 40 CO
T9-1802,Aris Mining Corp
T9-1804,"Q2 Holdings, Inc."
T9-1807,NCR Atleos Corp
T9-1808,PATTERSON UTI ENERGY INC
T9-1812,LXP Industrial Trust
T9-1820,SEACOAST BANKING CORP OF FLORIDA
T9-1821,Turk Altin Isletmeleri A.S./ADR
T9-1829,GRAPHIC PACKAGING HOLDING CO
T9-1836,MARZETTI CO
T9-1848,FULLER H B CO
T9-1856,UNITED STATES LIME & MINERALS INC
T9-1858,ZIM Integrated Shipping Services Ltd.
T9-1874,BKV Corp
T9-1891,"PAR PACIFIC HOLDINGS, INC."
T9-1892,"Black Stone Minerals, L.P."
T9-1894,BEL FUSE INC /NJ
T9-1900,NIQ Global Intelligence plc
T9-1906,MCGRATH RENTCORP
T9-1910,Ardagh Metal Packaging S.A.
T9-1912,FB Financial Corp
T9-1916,Chemours Co
T9-1919,Versigent PLC
T9-1920,"Kailera Therapeutics, Inc."
T9-1921,Cosan S.A.
T9-1925,WAFD INC
T9-1933,National Energy Services Reunited Corp.
T9-1935,Star Bulk Carriers Corp.
T9-1945,Keel Infrastructure Corp.
T9-1951,"Centuri Holdings, Inc."
T9-1954,UNITED NATURAL FOODS INC
T9-1959,IQM Quantum Computers Oyj
T9-1960,"Hub Group, Inc."
T9-1963,"Vistance Networks, Inc."
T9-1973,StoneCo Ltd.
T9-1976,"WORTHINGTON ENTERPRISES, INC."
T9-1980,ATS Corp /ATS
T9-1982,DANA Inc
T9-1983,"JOHN WILEY & SONS, INC."
T9-1988,"Bancorp, Inc."
T9-1993,FIRST BANCORP /NC/
T9-1994,"Customers Bancorp, Inc."
T9-1999,H2O AMERICA
