lead_id,company_legal_name,resolved_domain,method,match_score
T9-0001,NVIDIA CORP,nvidia.com,clearbit_full,1.0
T9-0002,Apple Inc.,apple.com,clearbit_full,1.0
T9-0003,Alphabet Inc.,abc.xyz,known_alias,1.0
T9-0004,MICROSOFT CORP,microsoft.com,clearbit_full,1.0
T9-0005,AMAZON COM INC,amazon.com,clearbit_full,1.0
T9-0006,Broadcom Inc.,broadcom.com,clearbit_full,1.0
T9-0007,"Meta Platforms, Inc.",meta.com,known_alias,1.0
T9-0008,"Tesla, Inc.",tesla.com,clearbit_full,1.0
T9-0009,MICRON TECHNOLOGY INC,micron.com,clearbit_full,1.0
T9-0010,BERKSHIRE HATHAWAY INC,berkshirehathaway.com,known_alias,1.0
T9-0012,JPMORGAN CHASE & CO,jpmorganchase.com,clearbit_full,0.8888888888888888
T9-0013,Walmart Inc.,walmart.com,clearbit_full,1.0
T9-0014,ADVANCED MICRO DEVICES INC,mdimembrane.com,clearbit_full,0.875
T9-0015,VISA INC.,visa.com,clearbit_full,1.0
T9-0017,JOHNSON & JOHNSON,jnj.com,clearbit_full,1.0
T9-0018,INTEL CORP,intel.com,clearbit_full,1.0
T9-0019,EXXON MOBIL CORP,exxonmobil.com,clearbit_full,0.9523809523809523
T9-0021,Mastercard Inc,mastercard.com.au,clearbit_full,1.0
T9-0022,AbbVie Inc.,abbvie.com,clearbit_full,1.0
T9-0024,CATERPILLAR INC,cat.com,clearbit_full,1.0
T9-0025,LAM RESEARCH CORP,lamresearch.com,clearbit_full,1.0
T9-0028,ORACLE CORP,oracle.com,clearbit_full,1.0
T9-0030,GENERAL ELECTRIC CO,ge.com,clearbit_full,1.0
T9-0031,UNITEDHEALTH GROUP INC,uhone.com,clearbit_full,0.8888888888888888
T9-0032,COCA COLA CO,coca-cola.com,clearbit_full,0.8888888888888888
T9-0033,"HOME DEPOT, INC.",homedepot.lk,clearbit_full,1.0
T9-0034,PROCTER & GAMBLE Co,pg.com,clearbit_full,1.0
T9-0035,CHEVRON CORP,chevron.com,clearbit_full,1.0
T9-0037,HSBC HOLDINGS PLC,hsbc.com,clearbit_full,1.0
T9-0038,NETFLIX INC,netflix.com,clearbit_full,1.0
T9-0040,Palantir Technologies Inc.,palantir.com,clearbit_full,1.0
T9-0043,ASTRAZENECA PLC,astrazeneca.com,clearbit_full,1.0
T9-0044,GOLDMAN SACHS GROUP INC,goldmansachs.com,clearbit_full,1.0
T9-0045,GE Vernova Inc.,gevernova.com,clearbit_full,1.0
T9-0046,ROYAL BANK OF CANADA,rbc.com,clearbit_full,1.0
T9-0047,Philip Morris International Inc.,pmi.com,clearbit_full,1.0
T9-0048,Palo Alto Networks Inc,paloaltonetworks.com,clearbit_full,1.0
T9-0050,RTX Corp,rtx.com,clearbit_full,1.0
T9-0051,TEXAS INSTRUMENTS INC,ti.com,clearbit_full,1.0
T9-0053,Sandisk Corp,sandisk.com,clearbit_full,1.0
T9-0054,Dell Technologies Inc.,cyberassessment.net,clearbit_full,1.0
T9-0055,LINDE PLC,lindedirect.com,clearbit_full,1.0
T9-0057,AMERICAN EXPRESS CO,americanexpress.com,clearbit_full,1.0
T9-0058,CITIGROUP INC,citigroup.com,clearbit_full,1.0
T9-0060,Alibaba Group Holding Ltd,alibaba.com,clearbit_full,1.0
T9-0062,Shell plc,shell.com,clearbit_full,1.0
T9-0063,"Marvell Technology, Inc.",marvell.com,clearbit_full,1.0
T9-0064,BHP Group Ltd,bhp.com,clearbit_full,1.0
T9-0065,TOYOTA MOTOR CORP/,global.toyota,clearbit_full,0.9230769230769231
T9-0067,AMGEN INC,amgen.com,clearbit_full,1.0
T9-0068,"Arista Networks, Inc.",arista.com,clearbit_full,1.0
T9-0069,"Banco Santander, S.A.",pb-santander.com,clearbit_full,0.9
T9-0070,MCDONALDS CORP,mcdonalds.com,clearbit_full,0.9473684210526315
T9-0071,"CrowdStrike Holdings, Inc.",crowdstrike.com,clearbit_full,1.0
T9-0072,PEPSICO INC,pepsico.com,clearbit_full,1.0
T9-0074,RIO TINTO LTD,riotinto.com,clearbit_full,1.0
T9-0075,THERMO FISHER SCIENTIFIC INC.,thermofisher.com,clearbit_full,1.0
T9-0078,WESTERN DIGITAL CORP,westerndigital.com,clearbit_full,1.0
T9-0080,Seagate Technology Holdings plc,seagate.com,clearbit_full,1.0
T9-0081,NEXTERA ENERGY INC,nexteraenergy.com,clearbit_full,1.0
T9-0082,ANALOG DEVICES INC,analog.com,clearbit_full,1.0
T9-0083,BOEING CO,boeingsuppliers.com,clearbit_full,1.0
T9-0085,AppLovin Corp,applovin.com,clearbit_full,1.0
T9-0092,UNION PACIFIC CORP,up.com,clearbit_full,1.0
T9-0094,WELLTOWER INC.,welltower.com,clearbit_full,1.0
T9-0096,"GILEAD SCIENCES, INC.",gilead.com,clearbit_full,1.0
T9-0097,"BlackRock, Inc.",blackrock.com,clearbit_full,1.0
T9-0100,"SUMITOMO MITSUI FINANCIAL GROUP, INC.",smfg.co.jp,clearbit_full,0.8928571428571429
T9-0101,SHOPIFY INC.,shopify.com,clearbit_full,1.0
T9-0102,"Interactive Brokers Group, Inc.",interactivebrokers.com,clearbit_full,1.0
T9-0103,Eaton Corp plc,eaton.com,clearbit_full,1.0
T9-0104,RIO TINTO PLC,riotinto.com,clearbit_full,1.0
T9-0105,"Uber Technologies, Inc",ub3r.host,clearbit_full,1.0
T9-0107,Blackstone Inc.,blackstone.com,clearbit_full,1.0
T9-0110,AT&T INC.,att.com,clearbit_full,1.0
T9-0111,"BANCO BILBAO VIZCAYA ARGENTARIA, S.A.",bbva.com,clearbit_full,0.9855072463768116
T9-0113,Chubb Ltd,chubb.com,clearbit_full,1.0
T9-0115,PFIZER INC,pfizer.com,clearbit_full,1.0
T9-0116,"Salesforce, Inc.",salesforce.com,clearbit_full,1.0
T9-0118,UNILEVER PLC,unilever.com,clearbit_full,1.0
T9-0120,CVS HEALTH Corp,cvshealth.com,clearbit_full,1.0
T9-0121,"Prologis, Inc.",prologis.com,clearbit_full,1.0
T9-0122,HDFC BANK LTD,hdfcbank.com,clearbit_full,1.0
T9-0123,S&P Global Inc.,spglobal.com,clearbit_full,1.0
T9-0124,HITACHI LTD,hitachi.com,clearbit_full,1.0
T9-0125,ADVANTEST CORP,advantest.com,clearbit_full,1.0
T9-0126,CONOCOPHILLIPS,conocophillips.com,clearbit_full,1.0
T9-0129,LOCKHEED MARTIN CORP,lmco.com,clearbit_full,1.0
T9-0130,STRYKER CORP,stryker.com,clearbit_full,1.0
T9-0132,Sony Group Corp,sony.net,clearbit_full,1.0
T9-0134,"ALTRIA GROUP, INC.",altria.com,clearbit_full,1.0
T9-0135,Parker-Hannifin Corp,parker.com,clearbit_full,0.9333333333333333
T9-0137,STARBUCKS CORP,starbucks.com,clearbit_full,1.0
T9-0138,BRISTOL MYERS SQUIBB CO,bms.com,clearbit_full,1.0
T9-0139,ENBRIDGE INC,enbridge.com,clearbit_full,1.0
T9-0141,Vertiv Holdings Co,vertiv.com,clearbit_full,1.0
T9-0142,"Fortinet, Inc.",fortinet.com,clearbit_full,1.0
T9-0144,SOUTHERN CO,southerncompany.com,clearbit_full,1.0
T9-0145,"ServiceNow, Inc.",servicenow.com,clearbit_full,1.0
T9-0147,GSK plc,gsk.com,clearbit_full,1.0
T9-0148,Medtronic plc,medtronic.com,clearbit_full,1.0
T9-0149,ICICI BANK LTD,icicibank.com,clearbit_full,1.0
T9-0150,Trane Technologies plc,tranetechnologies.com,clearbit_full,1.0
T9-0151,BANK OF NOVA SCOTIA,scotiabank.ca,clearbit_full,0.9047619047619048
T9-0156,Sanofi,sanofi.com,clearbit_full,1.0
T9-0157,CADENCE DESIGN SYSTEMS INC,cadence.com,clearbit_full,1.0
T9-0159,Duke Energy CORP,duke-energy.com,clearbit_full,1.0
T9-0160,GENERAL DYNAMICS CORP,gd.com,clearbit_full,1.0
T9-0162,"QUANTA SERVICES, INC.",quantaservices.com,clearbit_full,1.0
T9-0165,EQUINIX INC,equinix.com,clearbit_full,1.0
T9-0171,Monster Beverage Corp,monsterbevcorp.com,clearbit_full,1.0
T9-0173,BARCLAYS PLC,barclays.co.uk,clearbit_full,1.0
T9-0174,"Datadog, Inc.",datadoghq.com,clearbit_full,1.0
T9-0175,WASTE MANAGEMENT INC,wm.com,clearbit_full,1.0
T9-0176,MCKESSON CORP,mckesson.com,clearbit_full,1.0
T9-0179,CUMMINS INC,cummins.com,clearbit_full,1.0
T9-0180,"HCA Healthcare, Inc.",hcahealthcare.com,clearbit_full,1.0
T9-0181,CSX CORP,csx.com,clearbit_full,1.0
T9-0182,"Elevance Health, Inc.",elevancehealth.com,clearbit_full,1.0
T9-0183,Snowflake Inc.,snowflake.com,clearbit_full,1.0
T9-0185,"WILLIAMS COMPANIES, INC.",williamscompaniesllc.com,clearbit_full,1.0
T9-0186,MERCADOLIBRE INC,mercadolibre.com.ar,clearbit_full,0.96
T9-0187,"Airbnb, Inc.",airbnb.com,clearbit_full,1.0
T9-0189,FREEPORT-MCMORAN INC,fcx.com,clearbit_full,1.0
T9-0191,ADOBE INC.,adobe.com,clearbit_full,1.0
T9-0192,SHERWIN WILLIAMS CO,sherwin-auto.cl,clearbit_full,1.0
T9-0193,"Cloudflare, Inc.",cloudflare.com,clearbit_full,1.0
T9-0194,"MARSH & MCLENNAN COMPANIES, INC.",marsh.org,clearbit_full,1.0
T9-0200,COMCAST CORP,comcast.com,clearbit_full,1.0
T9-0201,Accenture plc,accenture.com,clearbit_full,1.0
T9-0202,SYNOPSYS INC,synopsys.com,clearbit_full,1.0
T9-0204,"DoorDash, Inc.",doordash.com,clearbit_full,1.0
T9-0206,CANADIAN NATURAL RESOURCES Ltd,cnrl.com,clearbit_full,0.8666666666666667
T9-0207,NATIONAL GRID PLC,nationalgridus.com,clearbit_full,1.0
T9-0208,"NetEase, Inc.",163.com,clearbit_full,1.0
T9-0209,EQUINOR ASA,equinor.com,clearbit_full,1.0
T9-0210,ECOLAB INC.,ecolab.com,clearbit_full,1.0
T9-0213,ROYAL CARIBBEAN CRUISES LTD,rclinvestor.com,clearbit_full,1.0
T9-0214,ILLINOIS TOOL WORKS INC,itwcs.com.au,clearbit_full,1.0
T9-0216,"Mondelez International, Inc.",mondelezinternational.com,clearbit_full,0.9545454545454546
T9-0221,Marathon Petroleum Corp,marathonpetroleum.com,clearbit_full,1.0
T9-0224,Bloom Energy Corp,bloomenergy.com,clearbit_full,1.0
T9-0226,Medline Inc.,medline.org.ua,clearbit_full,1.0
T9-0228,Aon plc,aon.com,clearbit_full,1.0
T9-0229,Cigna Group,cigna.com,clearbit_full,1.0
T9-0230,COLGATE PALMOLIVE CO,colgate.ch,clearbit_full,1.0
T9-0231,TransDigm Group INC,transdigm.com,clearbit_full,1.0
T9-0232,AMERICAN ELECTRIC POWER CO INC,aep.com,clearbit_full,1.0
T9-0233,INTUIT INC.,intuit.com,clearbit_full,1.0
T9-0234,CARVANA CO.,carvana.com,clearbit_full,1.0
T9-0237,FEDEX CORP,fedex.com,clearbit_full,1.0
T9-0238,CANADIAN NATIONAL RAILWAY CO,cn.ca,clearbit_full,1.0
T9-0239,Brookfield Asset Management Ltd.,brookfield.com,clearbit_full,1.0
T9-0245,NatWest Group plc,natwest.com,clearbit_full,1.0
T9-0246,"KINDER MORGAN, INC.",kindermorgan.com,clearbit_full,1.0
T9-0247,Phillips 66,phillips66.com,clearbit_full,1.0
T9-0248,"Motorola Solutions, Inc.",motorolasolutions.com,clearbit_full,1.0
T9-0249,"Air Products & Chemicals, Inc.",airproducts.com,clearbit_full,1.0
T9-0250,"Astera Labs, Inc.",asteralabs.com,clearbit_full,1.0
T9-0251,EOG RESOURCES INC,eogresources.com,clearbit_full,1.0
T9-0252,TC ENERGY CORP,tcenergy.com,clearbit_full,1.0
T9-0254,"UNITED RENTALS, INC.",unitedrentals.com,clearbit_full,1.0
T9-0258,General Motors Co,gm.com,clearbit_full,1.0
T9-0260,"Apollo Global Management, Inc.",apollo.com,clearbit_full,1.0
T9-0264,NOKIA CORP,nokia.com,clearbit_full,1.0
T9-0265,BOSTON SCIENTIFIC CORP,bostonscientific.com,clearbit_full,1.0
T9-0266,"REPUBLIC SERVICES, INC.",republicservices.com,clearbit_full,1.0
T9-0267,Energy Transfer LP,energytransfer.com,clearbit_full,1.0
T9-0268,"Warner Bros. Discovery, Inc.",wbd.com,clearbit_full,0.9767441860465116
T9-0270,"NIKE, Inc.",nike.com,clearbit_full,1.0
T9-0271,COHERENT CORP.,coherent.com,clearbit_full,1.0
T9-0272,SUNCOR ENERGY INC,suncor.com,clearbit_full,1.0
T9-0274,ALLSTATE CORP,allstate.com,clearbit_full,1.0
T9-0276,Vale S.A.,valesa.de,clearbit_full,0.8571428571428571
T9-0279,MONOLITHIC POWER SYSTEMS INC,monolithicpower.com,clearbit_full,1.0
T9-0281,"DIGITAL REALTY TRUST, INC.",digitalrealtytrust.com,clearbit_full,1.0
T9-0282,PACCAR INC,paccar.com,clearbit_full,1.0
T9-0283,Rocket Lab Corp,rocketlabusa.com,clearbit_full,1.0
T9-0284,UNITED MICROELECTRONICS CORP,umc.com,clearbit_full,1.0
T9-0285,AFLAC INC,aflac.com,clearbit_full,1.0
T9-0286,"DOMINION ENERGY, INC",dominionenergy.com,clearbit_full,1.0
T9-0287,COMFORT SYSTEMS USA INC,comfortsystemsusa.com,clearbit_full,1.0
T9-0288,"DELTA AIR LINES, INC.",delta.com,clearbit_full,1.0
T9-0289,SEMPRA,sempra.com,clearbit_full,1.0
T9-0291,CIENA CORP,ciena.com,clearbit_full,1.0
T9-0292,REALTY INCOME CORP,realtyincome.com,clearbit_full,1.0
T9-0293,TARGET CORP,target.com,clearbit_full,1.0
T9-0296,MPLX LP,mplx.com,clearbit_full,1.0
T9-0297,METLIFE INC,metlife.com,clearbit_full,1.0
T9-0298,Public Storage,publicstorage.com,clearbit_full,1.0
T9-0299,"TERADYNE, INC",teradyne.com,clearbit_full,1.0
T9-0301,TE Connectivity plc,te.com,clearbit_full,1.0
T9-0302,GREAT-WEST LIFECO INC.,greatwestlifeco.com,clearbit_full,1.0
T9-0303,"Corteva, Inc.",corteva.ca,clearbit_full,1.0
T9-0304,Lumentum Holdings Inc.,lumentum.com,clearbit_full,1.0
T9-0305,IMPERIAL OIL LTD,imperialoil.ca,clearbit_full,1.0
T9-0308,CARDINAL HEALTH INC,cardinalhealth.com,clearbit_full,1.0
T9-0309,RELX PLC,relx.com,clearbit_full,1.0
T9-0310,FASTENAL CO,fastenal.com,clearbit_full,1.0
T9-0311,Targa Resources Corp.,targaresources.com,clearbit_full,1.0
T9-0313,E.ON SE,eon.com,clearbit_full,0.8571428571428571
T9-0315,Hewlett Packard Enterprise Co,hpe.com,clearbit_full,1.0
T9-0316,Edwards Lifesciences Corp,edwards.com,clearbit_full,1.0
T9-0318,AMETEK INC/,ametek.com,clearbit_full,0.8571428571428571
T9-0320,"Keysight Technologies, Inc.",keysight.com,clearbit_full,1.0
T9-0321,FORD MOTOR CO,ford.com,clearbit_full,1.0
T9-0323,Wheaton Precious Metals Corp.,wheatonpm.com,clearbit_full,1.0
T9-0324,"ROCKWELL AUTOMATION, INC",rockwellautomation.com,clearbit_full,1.0
T9-0326,Baker Hughes Co,bakerhughes.com,clearbit_full,1.0
T9-0328,AUTOZONE INC,autozone.com,clearbit_full,1.0
T9-0329,"Cheniere Energy, Inc.",cheniere.com,clearbit_full,1.0
T9-0330,ELECTRONIC ARTS INC.,ea.com,clearbit_full,1.0
T9-0332,XCEL ENERGY INC,xcelenergy.com,clearbit_full,1.0
T9-0333,EBAY INC,ebay.com,clearbit_full,1.0
T9-0334,Vistra Corp.,vistra.com,clearbit_full,1.0
T9-0335,HEICO CORP,heico.com,clearbit_full,1.0
T9-0336,NUCOR CORP,nucor.com,clearbit_full,1.0
T9-0338,EXELON CORP,exeloncorp.com,clearbit_full,1.0
T9-0341,"Diamondback Energy, Inc.",diamondbackenergy.com,clearbit_full,1.0
T9-0342,"AXON ENTERPRISE, INC.",axon-enterprises.co.uk,clearbit_full,0.967741935483871
T9-0344,ArcelorMittal,arcelormittal.com,clearbit_full,1.0
T9-0345,"NASDAQ, INC.",nasdaq.com,clearbit_full,1.0
T9-0346,HUMANA INC,humana.com,clearbit_full,1.0
T9-0347,TAKE TWO INTERACTIVE SOFTWARE INC,take2games.com,clearbit_full,0.9655172413793104
T9-0348,STATE STREET CORP,statestreet.com,clearbit_full,1.0
T9-0349,COCA-COLA EUROPACIFIC PARTNERS plc,cocacolaep.com,clearbit_full,1.0
T9-0352,GARMIN LTD,garmin.com,clearbit_full,1.0
T9-0353,CENOVUS ENERGY INC.,cenovus.com,clearbit_full,1.0
T9-0354,MICROCHIP TECHNOLOGY INC,microchip.com,clearbit_full,1.0
T9-0355,DIAGEO PLC,diageo.com,clearbit_full,1.0
T9-0358,YUM BRANDS INC,yum.com,clearbit_full,0.9523809523809523
T9-0359,CHIPOTLE MEXICAN GRILL INC,chipotle.com,clearbit_full,1.0
T9-0360,Keurig Dr Pepper Inc.,keuriggreenmountain.com,clearbit_full,1.0
T9-0361,"OLD DOMINION FREIGHT LINE, INC.",odfl.com,clearbit_full,1.0
T9-0362,Infosys Ltd,infosys.com,clearbit_full,1.0
T9-0365,"Ventas, Inc.",ventasreit.com,clearbit_full,1.0
T9-0367,Viking Holdings Ltd,viking.com,clearbit_full,1.0
T9-0369,"Rocket Companies, Inc.",rocketcompanies.com,clearbit_full,1.0
T9-0370,"CoreWeave, Inc.",coreweave.com,clearbit_full,1.0
T9-0375,AMERIPRISE FINANCIAL INC,ameriprise.com,clearbit_full,1.0
T9-0376,MSCI Inc.,msci.com,clearbit_full,1.0
T9-0377,"Autodesk, Inc.",autodesk.com,clearbit_full,1.0
T9-0380,"Live Nation Entertainment, Inc.",livenationentertainment.com,clearbit_full,1.0
T9-0381,"United Airlines Holdings, Inc.",united.com,clearbit_full,1.0
T9-0382,Haleon plc,haleon.com,clearbit_full,1.0
T9-0383,"Waste Connections, Inc.",wasteconnections.com,clearbit_full,1.0
T9-0384,ORIX CORP,orix.com,clearbit_full,1.0
T9-0385,AngloGold Ashanti PLC,anglogoldashanti.com,clearbit_full,1.0
T9-0387,CAMECO CORP,cameco.com,clearbit_full,1.0
T9-0388,CONSOLIDATED EDISON INC,coned.com,clearbit_full,0.9743589743589743
T9-0389,FRANCO NEVADA Corp,franco-nevada.com,clearbit_full,0.9230769230769231
T9-0391,"ALNYLAM PHARMACEUTICALS, INC.",alnylam.com,clearbit_full,1.0
T9-0392,"CBRE GROUP, INC.",cbre.us,clearbit_full,1.0
T9-0394,SYSCO CORP,sysco.com,clearbit_full,1.0
T9-0395,TEVA PHARMACEUTICAL INDUSTRIES LTD,tevapharm.com,clearbit_full,1.0
T9-0397,"Revolution Medicines, Inc.",revmed.com,clearbit_full,1.0
T9-0398,"PayPal Holdings, Inc.",paypal.com,clearbit_full,1.0
T9-0399,"Natera, Inc.",natera.com,clearbit_full,1.0
T9-0401,Roblox Corp,roblox.com,clearbit_full,1.0
T9-0402,Vulcan Materials CO,vulcanmaterials.com,clearbit_full,1.0
T9-0404,PRUDENTIAL FINANCIAL INC,prudential.com,clearbit_full,1.0
T9-0407,KB Financial Group Inc.,kbfinancialinc.com,clearbit_full,0.9230769230769231
T9-0409,CELESTICA INC,celestica.com,clearbit_full,1.0
T9-0410,Ares Management Corp,aresmgmt.com,clearbit_full,1.0
T9-0411,"Baidu, Inc.",baidu.com,clearbit_full,1.0
T9-0412,GLOBALFOUNDRIES Inc.,gf.com,clearbit_full,1.0
T9-0413,Carnival Corp Ltd.,carnivalcorp.com,clearbit_full,1.0
T9-0414,KIMBERLY CLARK CORP,kimberlycares.org,clearbit_full,1.0
T9-0415,Kenvue Inc.,kenvue.com,clearbit_full,1.0
T9-0416,PAYCHEX INC,paychex.com,clearbit_full,1.0
T9-0418,ELBIT SYSTEMS LTD,elbitsystems.com,clearbit_full,1.0
T9-0419,PG&E Corp,pgecorp.com,clearbit_full,1.0
T9-0420,"Reddit, Inc.",reddit.com,clearbit_full,1.0
T9-0423,Archer-Daniels-Midland Co,adm.co,clearbit_full,0.9090909090909091
T9-0424,HERSHEY CO,hersheypa.com,clearbit_full,1.0
T9-0425,"AGILENT TECHNOLOGIES, INC.",agilent.com,clearbit_full,1.0
T9-0426,ROPER TECHNOLOGIES INC,ropertech.com,clearbit_full,1.0
T9-0428,HONDA MOTOR CO LTD,honda-moto.ro,clearbit_full,0.9523809523809523
T9-0433,JABIL INC,jabil.com,clearbit_full,1.0
T9-0434,ARCH CAPITAL GROUP LTD.,archcapitalinc.com,clearbit_full,1.0
T9-0436,KROGER CO,kroger.com,clearbit_full,1.0
T9-0437,ON SEMICONDUCTOR CORP,onsemi.com,clearbit_full,1.0
T9-0438,M&T BANK CORP,mtb.com,clearbit_full,1.0
T9-0439,IRON MOUNTAIN INC,ironmountain.com,clearbit_full,1.0
T9-0441,IQVIA HOLDINGS INC.,onekeydata.com,clearbit_full,1.0
T9-0442,"EMCOR Group, Inc.",emcore.com,clearbit_full,0.9090909090909091
T9-0443,PRUDENTIAL PLC,prudential.com.hk,clearbit_full,1.0
T9-0444,CHUNGHWA TELECOM CO LTD,cht.com.tw,clearbit_full,1.0
T9-0445,Restaurant Brands International Inc.,rbi.com,clearbit_full,1.0
T9-0446,RYANAIR HOLDINGS PLC,ryanair.com,clearbit_full,1.0
T9-0447,ALCON INC,alcon.com,clearbit_full,1.0
T9-0448,CENTENE CORP,centene.com,clearbit_full,1.0
T9-0449,"Workday, Inc.",workday.com,clearbit_full,1.0
T9-0450,CROWN CASTLE INC.,crowncastle.com,clearbit_full,1.0
T9-0451,"Coupang, Inc.",coupang.com,clearbit_full,1.0
T9-0452,Royalty Pharma plc,royaltypharma.com,clearbit_full,1.0
T9-0453,"AST SpaceMobile, Inc.",ast-science.com,clearbit_full,1.0
T9-0454,Extra Space Storage Inc.,extraspace.com,clearbit_full,1.0
T9-0455,EQT Corp,eqt.com,clearbit_full,1.0
T9-0456,NORTHERN TRUST CORP,northerntrust.com,clearbit_full,1.0
T9-0458,DTE ENERGY CO,dteenergy.com,clearbit_full,1.0
T9-0459,BIOGEN INC.,biogen.com,clearbit_full,1.0
T9-0460,AMEREN CORP,ameren.com,clearbit_full,1.0
T9-0461,Ubiquiti Inc.,ui.com,clearbit_full,1.0
T9-0462,STEEL DYNAMICS INC,steeldynamics.com,clearbit_full,1.0
T9-0463,TWILIO INC,twilio.com,clearbit_full,1.0
T9-0464,GOLD FIELDS LTD,goldfields.com,clearbit_full,1.0
T9-0465,RAYMOND JAMES FINANCIAL INC,woodasset.com,clearbit_full,1.0
T9-0466,"Moderna, Inc.",modernatx.com,clearbit_full,1.0
T9-0467,Ingersoll Rand Inc.,ingersollrand.com,clearbit_full,1.0
T9-0469,Zoetis Inc.,zoetis.com,clearbit_full,1.0
T9-0470,VEEVA SYSTEMS INC,veeva.com,clearbit_full,1.0
T9-0471,Nutrien Ltd.,nutrien.com,clearbit_full,1.0
T9-0472,LAS VEGAS SANDS CORP,sands.com,clearbit_full,1.0
T9-0476,RESMED INC,resmed.com,clearbit_full,1.0
T9-0479,ECOPETROL S.A.,ecopetrol.com.co,clearbit_full,0.8888888888888888
T9-0481,"NetApp, Inc.",netapp.com,clearbit_full,1.0
T9-0482,Kraft Heinz Co,kraftheinz.com,clearbit_full,1.0
T9-0484,VICI PROPERTIES INC.,viciproperties.com,clearbit_full,1.0
T9-0486,CINCINNATI FINANCIAL CORP,cinfin.com,clearbit_full,1.0
T9-0489,CARPENTER TECHNOLOGY CORP,carpentertechnology.com,clearbit_full,1.0
T9-0491,"Sunbelt Rentals Holdings, Inc.",sunbeltrentals.com,clearbit_full,1.0
T9-0492,ATMOS ENERGY CORP,atmosenergy.com,clearbit_full,1.0
T9-0493,Fortis Inc.,fortispay.com,clearbit_full,1.0
T9-0495,MASTEC INC,mastec.com,clearbit_full,1.0
T9-0496,KINROSS GOLD CORP,kinross.com,clearbit_full,1.0
T9-0498,EchoStar CORP,echostar.com,clearbit_full,1.0
T9-0499,TECK RESOURCES LTD,teck.com,clearbit_full,1.0
T9-0500,CENTERPOINT ENERGY INC,centerpointenergy.com,clearbit_full,1.0
T9-0501,"TAPESTRY, INC.",tapestry.com,clearbit_full,1.0
T9-0502,EDISON INTERNATIONAL,edison.com,clearbit_full,1.0
T9-0503,"NRG ENERGY, INC.",nrg.com,clearbit_full,1.0
T9-0506,"ILLUMINA, INC.",illumina.com,clearbit_full,1.0
T9-0507,"MongoDB, Inc.",mongodb.com,clearbit_full,1.0
T9-0508,"Affirm Holdings, Inc.",affirm.com,clearbit_full,1.0
T9-0509,Texas Pacific Land Corp,texaspacific.com,clearbit_full,1.0
T9-0510,CURTISS WRIGHT CORP,curtisswright.com,clearbit_full,0.9285714285714286
T9-0511,Xylem Inc.,xylem.com,clearbit_full,1.0
T9-0512,FIRSTENERGY CORP,firstenergycorp.com,clearbit_full,1.0
T9-0514,EVERSOURCE ENERGY,eversource.com,clearbit_full,1.0
T9-0515,PPG INDUSTRIES INC,ppg.com,clearbit_full,1.0
T9-0516,FISERV INC,fiserv.com,clearbit_full,1.0
T9-0517,COPART INC,copart.com,clearbit_full,1.0
T9-0521,"Venture Global, Inc.",venture.hk,clearbit_full,1.0
T9-0522,HALLIBURTON CO,halliburton.com,clearbit_full,1.0
T9-0523,AVALONBAY COMMUNITIES INC,avaloncommunities.com,clearbit_full,1.0
T9-0524,DEXCOM INC,dexcom.com,clearbit_full,1.0
T9-0527,WILLIS TOWERS WATSON PLC,grassavoye.com.tr,clearbit_full,0.851063829787234
T9-0528,PEMBINA PIPELINE CORP,pembina.com,clearbit_full,1.0
T9-0529,EQUITY RESIDENTIAL,equityapartments.com,clearbit_full,1.0
T9-0533,WILLIAMS SONOMA INC,williams-sonoma.com,clearbit_full,1.0
T9-0534,"American Water Works Company, Inc.",americanwaterworks.net,clearbit_full,1.0
T9-0535,TechnipFMC plc,technipfmc.com,clearbit_full,1.0
T9-0536,NOMURA HOLDINGS INC,nomura.com,clearbit_full,1.0
T9-0537,METTLER TOLEDO INTERNATIONAL INC/,mt.com,clearbit_full,0.9655172413793104
T9-0538,DOLLAR GENERAL CORP,dollargeneral.com,clearbit_full,1.0
T9-0539,TOWER SEMICONDUCTOR LTD,towersemi.com,clearbit_full,1.0
T9-0540,"Cboe Global Markets, Inc.",cboe.com,clearbit_full,1.0
T9-0542,WEST PHARMACEUTICAL SERVICES INC,westpharma.com,clearbit_full,1.0
T9-0544,Symbotic Inc.,symbotic.com,clearbit_full,1.0
T9-0548,"Zoom Communications, Inc.",zoomcommunications.biz,clearbit_full,1.0
T9-0550,FTAI Aviation Ltd.,ftaiaviation.com,clearbit_full,1.0
T9-0552,Roivant Sciences Ltd.,roivant.com,clearbit_full,1.0
T9-0555,"Woodward, Inc.",woodward.com,clearbit_full,1.0
T9-0557,MARKEL GROUP INC.,markel.com,clearbit_full,1.0
T9-0563,"Okta, Inc.",okta.com,clearbit_full,1.0
T9-0564,SOUTHWEST AIRLINES CO,southwest.com,clearbit_full,1.0
T9-0565,"XPO, Inc.",xpo.com,clearbit_full,1.0
T9-0566,INSMED Inc,insmed.com,clearbit_full,1.0
T9-0567,"Everpure, Inc.",everpureghana.com,clearbit_full,1.0
T9-0569,"FIRST SOLAR, INC.",firstsolar.com,clearbit_full,1.0
T9-0571,CMS ENERGY CORP,cmsenergy.com,clearbit_full,1.0
T9-0572,LOEWS CORP,loews.com,clearbit_full,1.0
T9-0573,PRINCIPAL FINANCIAL GROUP INC,principal.com,clearbit_full,0.8636363636363636
T9-0575,QUEST DIAGNOSTICS INC,questdiagnostics.com,clearbit_full,1.0
T9-0576,"DOLLAR TREE, INC.",dollartree.com,clearbit_full,1.0
T9-0577,"Zscaler, Inc.",zscaler.com,clearbit_full,1.0
T9-0580,RALPH LAUREN CORP,ralphlauren.com,clearbit_full,1.0
T9-0582,UNITED THERAPEUTICS Corp,unither.com,clearbit_full,1.0
T9-0584,"CONSTELLATION BRANDS, INC.",cbrands.com,clearbit_full,1.0
T9-0585,DARDEN RESTAURANTS INC,darden.com,clearbit_full,1.0
T9-0588,INCYTE CORP,incyte.com,clearbit_full,1.0
T9-0589,AXIA Energia S.A.,axiaenergia.com,clearbit_full,0.8571428571428571
T9-0593,"CORPAY, INC.",corpay.com,clearbit_full,1.0
T9-0595,US Foods Holding Corp.,usfoods.com,clearbit_full,1.0
T9-0596,NISOURCE INC.,nisource.com,clearbit_full,1.0
T9-0597,Liberty Media Corp,libertymedia.com,clearbit_full,1.0
T9-0598,Veralto Corp,veralto.it,clearbit_full,1.0
T9-0602,OMNICOM GROUP INC.,omnicom.ch,clearbit_full,1.0
T9-0604,ENTEGRIS INC,entegris.com,clearbit_full,1.0
T9-0605,"Guardant Health, Inc.",guardanthealth.com,clearbit_full,1.0
T9-0608,EXPAND ENERGY Corp,expandenergy.com,clearbit_full,1.0
T9-0610,EDP ENERGIAS DE PORTUGAL SA,edp.com,clearbit_full,0.9152542372881356
T9-0611,GLOBAL PAYMENTS INC,globalpaymentsinc.com,clearbit_full,1.0
T9-0612,"STERLING INFRASTRUCTURE, INC.",strlco.com,clearbit_full,0.9787234042553191
T9-0614,"SharkNinja, Inc.",sharkninja.com,clearbit_full,1.0
T9-0616,Snap-on Inc,snapone.de,clearbit_full,0.8571428571428571
T9-0617,Atlassian Corp,atlassian.com,clearbit_full,1.0
T9-0618,STERIS plc,steris.com,clearbit_full,1.0
T9-0623,"ROKU, INC",roku.com,clearbit_full,1.0
T9-0624,RB GLOBAL INC.,rbglobalcorp.com,clearbit_full,1.0
T9-0625,Samsara Inc.,samsara.com,clearbit_full,1.0
T9-0626,ROLLINS INC,rollins.com,clearbit_full,0.9333333333333333
T9-0627,Amcor plc,amcor.com,clearbit_full,1.0
T9-0629,EQUIFAX INC,equifax.com,clearbit_full,1.0
T9-0630,"TYSON FOODS, INC.",tyson.com,clearbit_full,1.0
T9-0632,"ESSEX PROPERTY TRUST, INC.",essexapartmenthomes.com,clearbit_full,1.0
T9-0635,"Amer Sports, Inc.",amersports.com,clearbit_full,1.0
T9-0636,"Evergy, Inc.",evergy.com,clearbit_full,1.0
T9-0638,ALLIANT ENERGY CORP,alliantenergy.com,clearbit_full,1.0
T9-0639,HP INC,hp.com,clearbit_full,1.0
T9-0640,GENERAL MILLS INC,generalmills.com,clearbit_full,1.0
T9-0645,LENNOX INTERNATIONAL INC,lennoxnas.com,clearbit_full,1.0
T9-0646,"Ulta Beauty, Inc.",ulta.com,clearbit_full,1.0
T9-0647,"Burlington Stores, Inc.",burlingtoninvestors.com,clearbit_full,1.0
T9-0649,SBA COMMUNICATIONS CORP,sbasite.com,clearbit_full,1.0
T9-0650,TD SYNNEX CORP,tdsynnex.com,clearbit_full,1.0
T9-0651,UL Solutions Inc.,ul.com,clearbit_full,1.0
T9-0652,PAN AMERICAN SILVER CORP,panamericansilver.com,clearbit_full,1.0
T9-0653,Viatris Inc,viatris.com,clearbit_full,1.0
T9-0655,Quantinuum Inc.,quantinuum.com,clearbit_full,1.0
T9-0656,RBC Bearings INC,rbcbearings.com,clearbit_full,1.0
T9-0657,Fortive Corp,fortive.com,clearbit_full,1.0
T9-0661,LATTICE SEMICONDUCTOR CORP,latticesemi.com,clearbit_full,1.0
T9-0662,WIPRO LTD,wipro.com,clearbit_full,1.0
T9-0664,"Arxis, Inc.",arxis.la,clearbit_full,1.0
T9-0665,GENUINE PARTS CO,genpt.com,clearbit_full,1.0
T9-0666,Flutter Entertainment plc,flutter.com,clearbit_full,1.0
T9-0668,"IonQ, Inc.",ionq.com,clearbit_full,1.0
T9-0669,NVR INC,nvrinc.com,clearbit_full,0.8571428571428571
T9-0671,Invitation Homes Inc.,invitationhomes.com,clearbit_full,1.0
T9-0673,SITIME Corp,sitime.com,clearbit_full,1.0
T9-0674,Hyatt Hotels Corp,hyatt.com,clearbit_full,1.0
T9-0676,Fabrinet,fabrinet.co.th,clearbit_full,1.0
T9-0677,"Coeur Mining, Inc.",coeur.com,clearbit_full,1.0
T9-0678,Performance Food Group Co,performancefood.cz,clearbit_full,1.0
T9-0680,FRANKLIN RESOURCES INC,franklinresourcesllc.com,clearbit_full,1.0
T9-0684,TENET HEALTHCARE CORP,tenethealth.com,clearbit_full,1.0
T9-0685,NEUROCRINE BIOSCIENCES INC,neurocrine.com,clearbit_full,1.0
T9-0687,"BWX Technologies, Inc.",bwxt.com,clearbit_full,1.0
T9-0688,Talen Energy Corp,talenenergy.com,clearbit_full,1.0
T9-0690,ROYAL GOLD INC,royalgold.com,clearbit_full,1.0
T9-0691,"Circle Internet Group, Inc.",circle.page,clearbit_full,1.0
T9-0692,"AMKOR TECHNOLOGY, INC.",amkor.com,clearbit_full,1.0
T9-0694,"Rubrik, Inc.",rubrik.com,clearbit_full,1.0
T9-0695,Nextpower Inc.,nextpower.com,clearbit_full,1.0
T9-0696,WEYERHAEUSER CO,weyerhaeuser.com,clearbit_full,1.0
T9-0697,ROGERS COMMUNICATIONS INC,rogers.com,clearbit_full,1.0
T9-0698,KIMCO REALTY CORP,kimcorealty.com,clearbit_full,1.0
T9-0700,MAGNA INTERNATIONAL INC,magna.com,clearbit_full,1.0
T9-0701,CDW Corp,cdw.com,clearbit_full,1.0
T9-0704,"ZIMMER BIOMET HOLDINGS, INC.",zimmerbiomet.com,clearbit_full,1.0
T9-0710,"Toast, Inc.",toasttab.com,clearbit_full,1.0
T9-0716,ANNALY CAPITAL MANAGEMENT INC,annaly.com,clearbit_full,1.0
T9-0719,AKAMAI TECHNOLOGIES INC,akamai.com,clearbit_full,1.0
T9-0720,BEST BUY CO INC,bestbuy.com,clearbit_full,1.0
T9-0722,"HOST HOTELS & RESORTS, INC.",hosthotels.com,clearbit_full,1.0
T9-0723,TTM TECHNOLOGIES INC,ttm.com,clearbit_full,1.0
T9-0724,NORDSON CORP,nordson.com,clearbit_full,1.0
T9-0725,TEXTRON INC,textron.com,clearbit_full,1.0
T9-0726,Gen Digital Inc.,gendigital.mx,clearbit_full,1.0
T9-0727,KOREA ELECTRIC POWER CORP,kepco.co.kr,clearbit_full,1.0
T9-0729,ALBEMARLE CORP,albemarle.com,clearbit_full,1.0
T9-0731,Grab Holdings Ltd,grab.com,clearbit_full,1.0
T9-0733,TPG Inc.,tpg.com.au,clearbit_full,1.0
T9-0734,TELUS CORP,telus.com,clearbit_full,1.0
T9-0735,W. P. Carey Inc.,wpcarey.com,clearbit_full,0.9
T9-0737,SUN COMMUNITIES INC,suncommunities.com,clearbit_full,1.0
T9-0738,SS&C Technologies Holdings Inc,ssctech.com,clearbit_full,1.0
T9-0739,"WINNERS, INC.",winners.ca,clearbit_full,1.0
T9-0740,POSCO HOLDINGS INC.,posco.co.kr,clearbit_full,1.0
T9-0743,Permian Resources Corp,permianres.com,clearbit_full,1.0
T9-0745,Carlyle Group Inc.,carlyleassociates.co.uk,clearbit_full,1.0
T9-0746,OMEGA HEALTHCARE INVESTORS INC,omegahealthcare.com,clearbit_full,1.0
T9-0747,CLEAN HARBORS INC,cleanharbors.com,clearbit_full,1.0
T9-0750,ONTO INNOVATION INC.,ontoinnovation.com,clearbit_full,1.0
T9-0751,Jazz Pharmaceuticals plc,jazzpharma.com,clearbit_full,1.0
T9-0752,CALIFORNIA FIRST LEASING CORP,calfirstlease.com,clearbit_full,1.0
T9-0755,REGENCY CENTERS CORP,regencycenters.com,clearbit_full,1.0
T9-0757,JACOBS SOLUTIONS INC.,jacobssolutions.com,clearbit_full,1.0
T9-0758,TransUnion,transunion.com,clearbit_full,1.0
T9-0760,RENTOKIL INITIAL PLC /FI,rentokil-initial.com.fj,clearbit_full,0.926829268292683
T9-0762,DAVITA INC.,davita.com,clearbit_full,1.0
T9-0764,"Pinnacle Financial Partners, Inc.",pnfp.com,clearbit_full,1.0
T9-0765,WESCO INTERNATIONAL INC,wesco.us.com,clearbit_full,1.0
T9-0767,NOVA LTD.,nova.rs,clearbit_full,1.0
T9-0768,Ovintiv Inc.,ovintiv.com,clearbit_full,1.0
T9-0769,GENERAC HOLDINGS INC.,generac.com,clearbit_full,1.0
T9-0772,Aramark,aramark.com,clearbit_full,1.0
T9-0773,Unum Group,unum.com,clearbit_full,1.0
T9-0775,"DT Midstream, Inc.",gen6proppants.com,clearbit_full,1.0
T9-0777,"EVEREST GROUP, LTD.",everest.com,clearbit_full,1.0
T9-0778,"Toll Brothers, Inc.",tollbrothers.com,clearbit_full,1.0
T9-0781,REGAL REXNORD CORP,regalrexnord.com,clearbit_full,1.0
T9-0782,DECKERS OUTDOOR CORP,deckers.com,clearbit_full,1.0
T9-0786,"COOPER COMPANIES, INC.",coopercos.com,clearbit_full,0.967741935483871
T9-0787,"Yum China Holdings, Inc.",yumchina.com,clearbit_full,1.0
T9-0788,PTC INC.,ptc.com,clearbit_full,1.0
T9-0789,MCCORMICK & CO INC,mccormick.com,clearbit_full,0.9
T9-0790,Daiwa Securities Group Inc.,daiwa.jp,clearbit_full,1.0
T9-0792,"STANLEY BLACK & DECKER, INC.",stanleyblackanddecker.com,clearbit_full,1.0
T9-0794,CHECK POINT SOFTWARE TECHNOLOGIES LTD,checkpoint.com,clearbit_full,1.0
T9-0795,LINCOLN ELECTRIC HOLDINGS INC,lincolnelectric.com,clearbit_full,1.0
T9-0796,Tencent Music Entertainment Group,tencentmusic.com,clearbit_full,0.9
T9-0797,BLUE OWL CAPITAL INC.,blueowl.com,clearbit_full,1.0
T9-0798,"EXELIXIS, INC.",exelixis.com,clearbit_full,1.0
T9-0799,GLOBE LIFE INC.,globelifeinsurance.com,clearbit_full,1.0
T9-0800,American Homes 4 Rent,americanhomesrental.com,clearbit_full,0.8571428571428571
T9-0802,CGI INC,cgi.com,clearbit_full,1.0
T9-0803,RENAISSANCERE HOLDINGS LTD,renre.com,clearbit_full,1.0
T9-0806,"Nutanix, Inc.",nutanix.com,clearbit_full,1.0
T9-0807,"ASSURANT, INC.",assurant.com,clearbit_full,1.0
T9-0808,CNA FINANCIAL CORP,cna.com,clearbit_full,1.0
T9-0812,"Leidos Holdings, Inc.",leidos.com,clearbit_full,1.0
T9-0814,"DigitalOcean Holdings, Inc.",digitalocean.com,clearbit_full,1.0
T9-0816,Solventum Corp,solventum.de,clearbit_full,1.0
T9-0817,"BrightSpring Health Services, Inc.",brightspringhealth.com,clearbit_full,1.0
T9-0818,GFL Environmental Inc.,gflenv.com,clearbit_full,1.0
T9-0819,IONIS PHARMACEUTICALS INC,ionispharma.com,clearbit_full,0.9767441860465116
T9-0823,"Corebridge Financial, Inc.",corebridgefinancial.com,clearbit_full,1.0
T9-0826,"Virtu Financial, Inc.",virtu.com,clearbit_full,1.0
T9-0827,EQUITY LIFESTYLE PROPERTIES INC,equitylifestyleproperties.com,clearbit_full,1.0
T9-0828,ALAMOS GOLD INC,alamosgold.com,clearbit_full,1.0
T9-0830,PINNACLE WEST CAPITAL CORP,pinnaclewest.com,clearbit_full,1.0
T9-0832,MOOG INC.,moog.com,clearbit_full,1.0
T9-0833,ALIGN TECHNOLOGY INC,aligntech.com,clearbit_full,1.0
T9-0835,DYCOM INDUSTRIES INC,dycomind.com,clearbit_full,0.9696969696969697
T9-0836,"Fidelity National Financial, Inc.",fnf.com,clearbit_full,1.0
T9-0837,TYLER TECHNOLOGIES INC,tylertech.com,clearbit_full,1.0
T9-0838,HF Sinclair Corp,hfsinclair.com,clearbit_full,1.0
T9-0839,"Dynatrace, Inc.",dynatrace.com,clearbit_full,1.0
T9-0840,"IES Holdings, Inc.",iess.gob.ec,clearbit_full,0.8571428571428571
T9-0841,BORGWARNER INC,borgwarner.com,clearbit_full,1.0
T9-0842,"Coca-Cola Consolidated, Inc.",cokeconsolidated.com,clearbit_full,1.0
T9-0843,"Aurora Innovation, Inc.",aurorainnovation.com,clearbit_full,1.0
T9-0845,PERSHING SQUARE INC.,pershingsquare.com,clearbit_full,1.0
T9-0846,H World Group Ltd,h2world.com,clearbit_full,0.9333333333333333
T9-0847,VICOR CORP,vicorpower.com,clearbit_full,1.0
T9-0848,Sunoco LP,sunoco.com,clearbit_full,1.0
T9-0849,Alcoa Corp,alcoa.com,clearbit_full,1.0
T9-0850,DraftKings Inc.,draftkings.com,clearbit_full,1.0
T9-0851,AEGON LTD.,aegon.com,clearbit_full,1.0
T9-0853,Wise Group plc,wise.com,clearbit_full,1.0
T9-0854,SMITH & NEPHEW PLC,smith-nephew.com,clearbit_full,1.0
T9-0855,Avery Dennison Corp,averydennison.com,clearbit_full,1.0
T9-0856,"Texas Roadhouse, Inc.",texasroadhouse.com,clearbit_full,1.0
T9-0858,ZEBRA TECHNOLOGIES CORP,zebra.com,clearbit_full,1.0
T9-0863,Dutch Bros Inc.,dutchbros.com,clearbit_full,1.0
T9-0864,SEMTECH CORP,semtech.com,clearbit_full,1.0
T9-0865,"Axsome Therapeutics, Inc.",axsome.com,clearbit_full,1.0
T9-0866,Crane Co,crane.com,clearbit_full,1.0
T9-0867,Penumbra Inc,penumbrainc.com,clearbit_full,1.0
T9-0868,XPENG INC.,xiaopeng.com,clearbit_full,1.0
T9-0869,MUELLER INDUSTRIES INC,muellerindustries.com,clearbit_full,1.0
T9-0870,GRACO INC,graco.com,clearbit_full,1.0
T9-0872,Wayfair Inc.,wayfair.com,clearbit_full,1.0
T9-0873,Aptiv PLC,aptiv.com,clearbit_full,1.0
T9-0874,Legence Corp.,wearelegence.com,clearbit_full,1.0
T9-0876,"Equitable Holdings, Inc.",equitable.com,clearbit_full,1.0
T9-0878,WEBSTER FINANCIAL CORP,websterfinancialinc.ca,clearbit_full,1.0
T9-0881,PENTAIR plc,pentair.com,clearbit_full,1.0
T9-0884,TRIMBLE INC.,trimble.com,clearbit_full,1.0
T9-0885,"PINTEREST, INC.",pinterest.com,clearbit_full,1.0
T9-0887,WATTS WATER TECHNOLOGIES INC,watts.com,clearbit_full,1.0
T9-0888,BROWN FORMAN CORP,brown-forman.com,clearbit_full,0.9166666666666666
T9-0889,On Holding AG,onag.com.tr,clearbit_full,0.8888888888888888
T9-0890,"COSTAR GROUP, INC.",costarastrology.com,clearbit_full,0.9230769230769231
T9-0891,APPLIED INDUSTRIAL TECHNOLOGIES INC,applied.com,clearbit_full,1.0
T9-0892,RAMBUS INC,rambus.com,clearbit_full,1.0
T9-0893,SK TELECOM CO LTD,sktelecom.com,clearbit_full,1.0
T9-0894,MODINE MANUFACTURING CO,geofinitymanufacturing.com,clearbit_full,1.0
T9-0895,FIRST HORIZON CORP,firsthorizon.com,clearbit_full,1.0
T9-0896,"MADRIGAL PHARMACEUTICALS, INC.",madrigalpharma.com,clearbit_full,1.0
T9-0897,Owens Corning,owenscorning.com,clearbit_full,1.0
T9-0898,Allegion plc,allegion.com,clearbit_full,1.0
T9-0899,MGM Resorts International,mgmresorts.com,clearbit_full,1.0
T9-0900,NIO Inc.,nio.com,clearbit_full,1.0
T9-0901,"MOLINA HEALTHCARE, INC.",molinahealthcare.com,clearbit_full,1.0
T9-0902,DR REDDYS LABORATORIES LTD,drreddys.com,clearbit_full,0.9565217391304348
T9-0903,Invesco Ltd.,invesco.com,clearbit_full,1.0
T9-0904,Summit Therapeutics Inc.,smmttx.com,clearbit_full,1.0
T9-0906,Li Auto Inc.,lixiang.com,clearbit_full,1.0
T9-0908,AMERICAN FINANCIAL GROUP INC,americanfinancialcars.com,clearbit_full,1.0
T9-0909,American Airlines Group Inc.,aa.com,clearbit_full,0.85
T9-0910,"ARROWHEAD PHARMACEUTICALS, INC.",arrowheadpharma.com,clearbit_full,0.9803921568627451
T9-0911,"PENSKE AUTOMOTIVE GROUP, INC.",penskeautomotive.com,clearbit_full,0.85
T9-0912,SANMINA CORP,sanmina.com,clearbit_full,1.0
T9-0913,Enlight Renewable Energy Ltd.,enlightenergy.com,clearbit_full,1.0
T9-0916,CYTOKINETICS INC,cytokinetics.com,clearbit_full,1.0
T9-0917,GoDaddy Inc.,godaddy.com,clearbit_full,1.0
T9-0918,MINEBEA MITSUMI Inc.,minebeamitsumi.com,clearbit_full,0.9655172413793104
T9-0920,BAXTER INTERNATIONAL INC,baxter.com,clearbit_full,1.0
T9-0921,"Leonardo DRS, Inc.",leonardodrs.com,clearbit_full,1.0
T9-0922,"ADVANCED DRAINAGE SYSTEMS, INC.",adspipe.com,clearbit_full,1.0
T9-0924,CAMDEN PROPERTY TRUST,camdenliving.com,clearbit_full,1.0
T9-0927,JFrog Ltd,jfrog.com,clearbit_full,1.0
T9-0929,BUNZL PLC,bunzlcareers.com,clearbit_full,1.0
T9-0931,TFI International Inc.,tfiintl.com,clearbit_full,1.0
T9-0933,BIOMARIN PHARMACEUTICAL INC,biomarin.com,clearbit_full,1.0
T9-0935,INSULET CORP,insulet.com,clearbit_full,1.0
T9-0936,"BJ's Wholesale Club Holdings, Inc.",bjs.com,clearbit_full,1.0
T9-0937,"American Healthcare REIT, Inc.",americanhealthcarereit.com,clearbit_full,1.0
T9-0938,EASTGROUP PROPERTIES INC,eastgroup.net,clearbit_full,1.0
T9-0939,VIASAT INC,viasat.com,clearbit_full,1.0
T9-0940,"HASBRO, INC.",hasbro.com,clearbit_full,1.0
T9-0941,COGNEX CORP,cognex.com,clearbit_full,1.0
T9-0942,"Figma, Inc.",figma.com,clearbit_full,1.0
T9-0944,STIFEL FINANCIAL CORP,stifel.com,clearbit_full,1.0
T9-0946,"Guidewire Software, Inc.",guidewire.com,clearbit_full,1.0
T9-0948,"Essential Utilities, Inc.",euc.com.au,clearbit_full,1.0
T9-0951,"RYAN SPECIALTY HOLDINGS, INC.",ryanrecord.org,clearbit_full,1.0
T9-0952,SAIA INC,saia.com,clearbit_full,1.0
T9-0953,"Krystal Biotech, Inc.",krystalbio.com,clearbit_full,1.0
T9-0954,BIO-TECHNE Corp,bio-techne.com,clearbit_full,1.0
T9-0955,"Lineage, Inc.",lineageos.org,clearbit_full,0.875
T9-0957,ANTERO RESOURCES Corp,anteroresources.com,clearbit_full,1.0
T9-0961,GLOBUS MEDICAL INC,globusmedical.com,clearbit_full,1.0
T9-0962,WINTRUST FINANCIAL CORP,wintrust.com,clearbit_full,1.0
T9-0963,SERVICE CORP INTERNATIONAL,serviceinternational.org,clearbit_full,0.975609756097561
T9-0966,VALMONT INDUSTRIES INC,valmont.com,clearbit_full,1.0
T9-0967,Maplebear Inc.,maplebear.com.br,clearbit_full,0.9473684210526315
T9-0970,Antero Midstream Corp,anteromidstream.com,clearbit_full,1.0
T9-0971,Element Solutions Inc,elementsolutionsinc.com,clearbit_full,1.0
T9-0973,FEDERAL REALTY INVESTMENT TRUST,federalrealty.com,clearbit_full,1.0
T9-0974,Encompass Health Corp,encompasshealth.com,clearbit_full,1.0
T9-0976,TERAWULF INC.,terawulf.com,clearbit_full,1.0
T9-0978,JACK HENRY & ASSOCIATES INC,jackhenry.com,clearbit_full,1.0
T9-0980,"KRATOS DEFENSE & SECURITY SOLUTIONS, INC.",kratosdefense.com,clearbit_full,0.9859154929577465
T9-0981,TIM S.A.,tim.pl,clearbit_full,0.9230769230769231
T9-0982,DOMINOS PIZZA INC,dominos.com,clearbit_full,0.9629629629629629
T9-0983,Murphy USA Inc.,murphydriverewards.com,clearbit_full,1.0
T9-0984,"Globalstar, Inc.",globalstar.com,clearbit_full,1.0
T9-0985,"ALLEGRO MICROSYSTEMS, INC.",allegromicro.com,clearbit_full,1.0
T9-0986,DONALDSON Co INC,donaldson.com,clearbit_full,1.0
T9-0987,VIAVI SOLUTIONS INC.,viavisolutions.com,clearbit_full,1.0
T9-0988,SIRIUS XM HOLDINGS INC.,siriusxm.com,clearbit_full,0.9411764705882353
T9-0989,GameStop Corp.,gamestop.com,clearbit_full,1.0
T9-0990,OGE ENERGY CORP.,oge.com,clearbit_full,1.0
T9-0992,OLD REPUBLIC INTERNATIONAL CORP,oldrepublic.com,clearbit_full,1.0
T9-0993,Silicon Motion Technology CORP,siliconmotion.com.cn,clearbit_full,1.0
T9-0994,HARMONY GOLD MINING CO LTD,harmony.co.za,clearbit_full,0.926829268292683
T9-0995,"ARROW ELECTRONICS, INC.",arrow.com,clearbit_full,1.0
T9-0996,"FIVE BELOW, INC",fivebelow.com,clearbit_full,1.0
T9-0997,RYDER SYSTEM INC,ryder.com,clearbit_full,1.0
T9-0999,PEARSON PLC,pearson.com,clearbit_full,1.0
T9-1000,Hudbay Minerals Inc.,cumtn.com,clearbit_full,1.0
T9-1001,"StandardAero, Inc.",standardaero.com,clearbit_full,1.0
T9-1002,"Apogee Therapeutics, Inc.",apogeetherapeutics.com,clearbit_full,1.0
T9-1003,CHART INDUSTRIES INC,chartindustries.com,clearbit_full,1.0
T9-1004,PayPay Corp,paypay.ne.jp,clearbit_full,1.0
T9-1005,WYNN RESORTS LTD,wynnresorts.com,clearbit_full,1.0
T9-1006,Freedom Holding Corp.,freedom.to,clearbit_full,1.0
T9-1007,ARGAN INC,argano.com,clearbit_full,0.9090909090909091
T9-1008,"ImmunityBio, Inc.",immunitybio.com,clearbit_full,1.0
T9-1009,"CareTrust REIT, Inc.",caretrustreit.com,clearbit_full,1.0
T9-1010,HENRY SCHEIN INC,henryschein.com,clearbit_full,1.0
T9-1011,HUBSPOT INC,hubspot.com,clearbit_full,1.0
T9-1012,"ENSIGN GROUP, INC",ensign.com,clearbit_full,1.0
T9-1013,BENTLEY SYSTEMS INC,bentley.com,clearbit_full,1.0
T9-1014,"Nuvalent, Inc.",nuvalent.com,clearbit_full,1.0
T9-1015,SouthState Bank Corp,southstatebank.com,clearbit_full,1.0
T9-1016,"FirstCash Holdings, Inc.",firstcash.com,clearbit_full,0.9473684210526315
T9-1019,"APPLIED OPTOELECTRONICS, INC.",ao-inc.com,clearbit_full,1.0
T9-1022,"HOULIHAN LOKEY, INC.",hl.com,clearbit_full,1.0
T9-1023,SMITHFIELD FOODS INC,smithfieldfoods.com,clearbit_full,1.0
T9-1026,AeroVironment Inc,avinc.com,clearbit_full,1.0
T9-1027,Allison Transmission Holdings Inc,allisontransmission.com,clearbit_full,1.0
T9-1028,FORMFACTOR INC,formfactor.com,clearbit_full,0.9523809523809523
T9-1029,Galaxy Digital Inc.,galaxydigital.com,clearbit_full,1.0
T9-1030,UNIVERSAL HEALTH SERVICES INC,uhs.com.np,clearbit_full,1.0
T9-1032,"Liberty Live Holdings, Inc.",libertylive.us,clearbit_full,0.96
T9-1033,Brixmor Property Group Inc.,brixmorleasing.com,clearbit_full,0.8888888888888888
T9-1034,IAMGOLD CORP,iamgold.com,clearbit_full,1.0
T9-1035,StoneX Group Inc.,stonex.it,clearbit_full,1.0
T9-1037,Madison Square Garden Sports Corp.,msgsports.com,clearbit_full,1.0
T9-1039,Applied Digital Corp.,applieddigital.com.au,clearbit_full,1.0
T9-1040,"Compass, Inc.",compass.com,clearbit_full,1.0
T9-1042,"SKYWORKS SOLUTIONS, INC.",skyworksinc.com,clearbit_full,1.0
T9-1043,LEVI STRAUSS & CO,levi-strauss.co.il,clearbit_full,0.9230769230769231
T9-1044,BRUKER CORP,bruker.com,clearbit_full,1.0
T9-1045,AGREE REALTY CORP,agreerealty.com,clearbit_full,1.0
T9-1046,"Kymera Therapeutics, Inc.",kymeratx.com,clearbit_full,1.0
T9-1048,CubeSmart,cubesmart.com,clearbit_full,1.0
T9-1050,"Primerica, Inc.",primerica.com,clearbit_full,1.0
T9-1051,FLOWSERVE CORP,flowserve.com,clearbit_full,1.0
T9-1052,TORO CO,toro.com,clearbit_full,1.0
T9-1054,"ALEXANDRIA REAL ESTATE EQUITIES, INC.",are.com,clearbit_full,1.0
T9-1055,GARTNER INC,gartner.com,clearbit_full,1.0
T9-1057,"Builders FirstSource, Inc.",bldr.com,clearbit_full,1.0
T9-1059,Alkermes plc.,alkermes.com,clearbit_full,1.0
T9-1060,"Life Time Group Holdings, Inc.",lifetime.life,clearbit_full,1.0
T9-1061,Norwegian Cruise Line Holdings Ltd.,ncl.com,clearbit_full,1.0
T9-1063,"NNN REIT, INC.",nnnreit.com,clearbit_full,1.0
T9-1064,DARLING INGREDIENTS INC.,darlingii.com,clearbit_full,1.0
T9-1065,"Trade Desk, Inc.",tradedesk.com.co,clearbit_full,1.0
T9-1066,POWELL INDUSTRIES INC,powellind.com,clearbit_full,1.0
T9-1067,"CAVA GROUP, INC.",cava.com,clearbit_full,1.0
T9-1068,MANHATTAN ASSOCIATES INC,manh.com,clearbit_full,1.0
T9-1069,Luckin Coffee Inc.,luckincoffee.com,clearbit_full,1.0
T9-1070,RANGE RESOURCES CORP,rangeresources.com,clearbit_full,1.0
T9-1072,OSHKOSH CORP,oshkoshcorporation.com,clearbit_full,1.0
T9-1075,"Match Group, Inc.",match.com,clearbit_full,1.0
T9-1076,Full Truck Alliance Co. Ltd.,fulltruckalliance.com,clearbit_full,1.0
T9-1077,"AAON, INC.",aaon.com,clearbit_full,1.0
T9-1078,FIRST MAJESTIC SILVER CORP,firstmajestic.com,clearbit_full,1.0
T9-1080,"DOCUSIGN, INC.",docusign.com,clearbit_full,1.0
T9-1081,GLAUKOS Corp,glaukos.com,clearbit_full,1.0
T9-1083,AECOM,aecom.com,clearbit_full,1.0
T9-1084,AUTOLIV INC,autoliv.com,clearbit_full,1.0
T9-1085,"Core & Main, Inc.",coreandmain.com,clearbit_full,1.0
T9-1086,"SailPoint, Inc.",sailpoint.com,clearbit_full,1.0
T9-1089,ESCO TECHNOLOGIES INC,escotechnologies.com,clearbit_full,1.0
T9-1094,FIRST INDUSTRIAL REALTY TRUST INC,firstindustrial.com,clearbit_full,1.0
T9-1095,"DILLARD'S, INC.",dillards.com,clearbit_full,1.0
T9-1096,"Chewy, Inc.",chewy.com,clearbit_full,1.0
T9-1097,GRUPO FINANCIERO GALICIA SA,gfgsa.com,clearbit_full,1.0
T9-1098,"Hims & Hers Health, Inc.",hims.com,clearbit_full,0.972972972972973
T9-1100,"Celsius Holdings, Inc.",celsius.com,clearbit_full,1.0
T9-1101,KT CORP,kt.com,clearbit_full,1.0
T9-1102,"Protagonist Therapeutics, Inc",protagonist-inc.com,clearbit_full,1.0
T9-1103,BOK FINANCIAL CORP,bokfinancial.com,clearbit_full,1.0
T9-1106,Birkenstock Holding plc,birkenstock.in,clearbit_full,1.0
T9-1107,AGCO CORP /DE,agcode.com,clearbit_full,0.8571428571428571
T9-1108,"Vaxcyte, Inc.",vaxcyte.com,clearbit_full,1.0
T9-1110,"Riot Platforms, Inc.",riotplatforms.com,clearbit_full,1.0
T9-1111,AXIS CAPITAL HOLDINGS LTD,axiscapital.co.in,clearbit_full,1.0
T9-1113,"Joby Aviation, Inc.",jobyaviation.com,clearbit_full,1.0
T9-1114,XP Inc.,xpi.com.br,clearbit_full,1.0
T9-1116,"MAXLINEAR, INC",maxlinear.com,clearbit_full,1.0
T9-1117,VORNADO REALTY TRUST,vno.com,clearbit_full,1.0
T9-1120,Zurn Elkay Water Solutions Corp,zurnelkay.com,clearbit_full,1.0
T9-1121,CAE INC,cae.com,clearbit_full,1.0
T9-1124,Fervo Energy Co,fervoenergy.com,clearbit_full,1.0
T9-1126,Frontline plc,frontlinewildfire.com,clearbit_full,1.0
T9-1128,"TG THERAPEUTICS, INC.",tgtherapeutics.com,clearbit_full,1.0
T9-1131,"Ryman Hospitality Properties, Inc.",rymanhp.com,clearbit_full,1.0
T9-1133,REPLIGEN CORP,repligen.com,clearbit_full,1.0
T9-1134,Snap Inc,snap.com,clearbit_full,1.0
T9-1136,Equinox Gold Corp.,equinoxgold.com,clearbit_full,1.0
T9-1137,POOL CORP,poolcorp.com,clearbit_full,1.0
T9-1139,STANTEC INC,stantec.com,clearbit_full,1.0
T9-1140,Kinetik Holdings Inc.,kinetik.la,clearbit_full,1.0
T9-1141,"HEALTHEQUITY, INC.",healthequity.com,clearbit_full,1.0
T9-1142,"Immunovant, Inc.",immunovant.com,clearbit_full,1.0
T9-1144,"BIO-RAD LABORATORIES, INC.",bio-rad.com,clearbit_full,1.0
T9-1145,MIDDLEBY Corp,middleby.com,clearbit_full,1.0
T9-1147,Hess Midstream LP,hessmidstream.com,clearbit_full,1.0
T9-1149,MACERICH CO,macerich.com,clearbit_full,1.0
T9-1150,"Clearway Energy, Inc.",clearwayenergygroup.com,clearbit_full,1.0
T9-1151,New Oriental Education & Technology Group Inc.,neworiental.org,clearbit_full,0.9210526315789473
T9-1152,"RHYTHM PHARMACEUTICALS, INC.",rhythmtx.com,clearbit_full,1.0
T9-1154,TEREX CORP,terex.com,clearbit_full,1.0
T9-1155,TETRA TECH INC,tetratech.com,clearbit_full,1.0
T9-1157,"Qorvo, Inc.",qorvo.com,clearbit_full,1.0
T9-1161,"ZILLOW GROUP, INC.",zillow.com,clearbit_full,1.0
T9-1162,"STAG Industrial, Inc.",stagindustrial.com,clearbit_full,1.0
T9-1164,"BRINKER INTERNATIONAL, INC",brinker.com,clearbit_full,1.0
T9-1166,MERCURY SYSTEMS INC,mrcy.com,clearbit_full,1.0
T9-1169,EnerSys,enersys.com,clearbit_full,1.0
T9-1171,NATIONAL FUEL GAS CO,nationalfuel.com,clearbit_full,1.0
T9-1173,"Spyre Therapeutics, Inc.",spyre.com,clearbit_full,1.0
T9-1178,"ServiceTitan, Inc.",servicetitan.com,clearbit_full,1.0
T9-1179,Karman Holdings Inc.,karmanow.com,clearbit_full,0.9090909090909091
T9-1180,MOLSON COORS BEVERAGE CO,molsoncoors.com,clearbit_full,1.0
T9-1181,Klarna Group plc,klarna.com,clearbit_full,1.0
T9-1182,"CIRRUS LOGIC, INC.",cirrus.com,clearbit_full,1.0
T9-1184,PLEXUS CORP,plexus.com,clearbit_full,1.0
T9-1185,"Rush Street Interactive, Inc.",rushstreetinteractive.com,clearbit_full,1.0
T9-1186,ETSY INC,etsy.com,clearbit_full,1.0
T9-1187,Jackson Financial Inc.,jacksonfinancialplanning.com,clearbit_full,0.85
T9-1188,MOHAWK INDUSTRIES INC,mohawkind.com,clearbit_full,1.0
T9-1189,"InterDigital, Inc.",interdigital.com,clearbit_full,1.0
T9-1190,NEWMARKET CORP,newmarket.com,clearbit_full,1.0
T9-1191,CARMAX INC,carmax.com,clearbit_full,1.0
T9-1192,Healthcare Realty Trust Inc,healthcarerealty.com,clearbit_full,1.0
T9-1193,SILICON LABORATORIES INC.,silabs.com,clearbit_full,1.0
T9-1194,"Clear Secure, Inc.",clearsecurelife.com,clearbit_full,0.9565217391304348
T9-1197,"Lantheus Holdings, Inc.",lantheus.com,clearbit_full,1.0
T9-1198,Bilibili Inc.,bilibili.com,clearbit_full,1.0
T9-1203,First American Financial Corp,firstamericanfinancialgroup.com,clearbit_full,0.8888888888888888
T9-1204,LINCOLN NATIONAL CORP,mylnb.com,clearbit_full,0.8648648648648649
T9-1205,LANDSTAR SYSTEM INC,landstar.com,clearbit_full,1.0
T9-1207,"Avantor, Inc.",avantorsciences.com,clearbit_full,1.0
T9-1208,VISHAY INTERTECHNOLOGY INC,vishay.com,clearbit_full,1.0
T9-1210,Liquidia Corp,liquidia.com,clearbit_full,1.0
T9-1212,LITHIA MOTORS INC,lithia.com,clearbit_full,1.0
T9-1214,CAMPBELL'S Co,campbells.com.au,clearbit_full,0.9473684210526315
T9-1215,KIRBY CORP,kirbycorp.com,clearbit_full,1.0
T9-1216,GAP INC,gap.com,clearbit_full,1.0
T9-1217,"Albertsons Companies, Inc.",albertsonscompanies.com,clearbit_full,1.0
T9-1219,"ORMAT TECHNOLOGIES, INC.",ormat.com,clearbit_full,1.0
T9-1220,"PTC THERAPEUTICS, INC.",ptcbio.com,clearbit_full,1.0
T9-1221,FLUOR CORP,fluor.com,clearbit_full,1.0
T9-1222,Acushnet Holdings Corp.,acushnetgolf.com,clearbit_full,1.0
T9-1224,CREDIT ACCEPTANCE CORP,creditacceptance.com,clearbit_full,1.0
T9-1225,CONAGRA BRANDS INC.,conagrabrands.com,clearbit_full,1.0
T9-1227,"Kodiak Gas Services, Inc.",kodiakgas.com,clearbit_full,1.0
T9-1230,COMMERCIAL METALS Co,cmc.com,clearbit_full,1.0
T9-1232,EAGLE MATERIALS INC,eaglematerials.com,clearbit_full,1.0
T9-1235,ARMSTRONG WORLD INDUSTRIES INC,armstrong.com,clearbit_full,1.0
T9-1236,LKQ CORP,lkqcorp.com,clearbit_full,1.0
T9-1238,National Storage Affiliates Trust,nationalstorageaffiliates.com,clearbit_full,1.0
T9-1239,"ACM Research, Inc.",acmr.com,clearbit_full,1.0
T9-1240,BLACKBERRY Ltd,blackberry.com,clearbit_full,1.0
T9-1242,AVNET INC,avnet.com,clearbit_full,1.0
T9-1243,"GLACIER BANCORP, INC.",gbcijobs.com,clearbit_full,1.0
T9-1245,MOSAIC CO,joinmosaic.com,clearbit_full,1.0
T9-1246,FirstService Corp,fsinfra.de,clearbit_full,1.0
T9-1247,"DROPBOX, INC.",dropbox.com,clearbit_full,1.0
T9-1248,Brookfield Renewable Corp,evolugen.com,clearbit_full,1.0
T9-1249,PJT Partners Inc.,pjtpartners.com,clearbit_full,1.0
T9-1250,CAMTEK LTD,camtek.com,clearbit_full,1.0
T9-1251,"Red Rock Resorts, Inc.",redrockresorts.com,clearbit_full,1.0
T9-1252,Maase Inc.,maase.org,clearbit_full,1.0
T9-1253,"PROCORE TECHNOLOGIES, INC.",procore.com,clearbit_full,1.0
T9-1254,"Lumen Technologies, Inc.",lumenpartnersolutionsguide.com,clearbit_full,1.0
T9-1255,MSA Safety Inc,msasafety.com,clearbit_full,1.0
T9-1258,"Cogent Biosciences, Inc.",cogentbio.com,clearbit_full,1.0
T9-1259,Sensata Technologies Holding plc,sensata.com,clearbit_full,1.0
T9-1260,Scholar Rock Holding Corp,scholarrock.com,clearbit_full,1.0
T9-1263,BOYD GAMING CORP,boydgaming.com,clearbit_full,1.0
T9-1264,"Navan, Inc.",navanbg.com,clearbit_full,1.0
T9-1266,Triple Flag Precious Metals Corp.,tripleflagpm.com,clearbit_full,1.0
T9-1267,"Hinge Health, Inc.",hingehealth.com,clearbit_full,1.0
T9-1268,"Southwest Gas Holdings, Inc.",swgas.com,clearbit_full,1.0
T9-1270,RAYONIER INC,rayonier.com,clearbit_full,1.0
T9-1273,Sibanye Stillwater Ltd,sibanyestillwater.com,clearbit_full,0.9444444444444444
T9-1274,NOV Inc.,novo.co,clearbit_full,0.8571428571428571
T9-1276,"Archrock, Inc.",archrock.com,clearbit_full,1.0
T9-1277,SM Energy Co,sm-energy.com,clearbit_full,1.0
T9-1278,"SOLV Energy, Inc.",solvenergy.com,clearbit_full,1.0
T9-1279,LIGAND PHARMACEUTICALS INC,ligand.com,clearbit_full,1.0
T9-1283,GRANITE CONSTRUCTION INC,graniteconstruction.com,clearbit_full,1.0
T9-1284,"Floor & Decor Holdings, Inc.",flooranddecor.com,clearbit_full,1.0
T9-1285,Chord Energy Corp,chordenergy.com,clearbit_full,1.0
T9-1286,NexGen Energy Ltd.,nexgennigeria.com,clearbit_full,1.0
T9-1287,Vipshop Holdings Ltd,vip.com,clearbit_full,1.0
T9-1289,SSR MINING INC.,ssrmining.com,clearbit_full,1.0
T9-1290,KULICKE & SOFFA INDUSTRIES INC,kns.com,clearbit_full,1.0
T9-1291,"Fortune Brands Innovations, Inc.",fbhs.com,clearbit_full,1.0
T9-1292,"Lamb Weston Holdings, Inc.",lambweston.com,clearbit_full,1.0
T9-1293,Churchill Downs Inc,churchilldowns.com,clearbit_full,1.0
T9-1294,"Enact Holdings, Inc.",enact.co.uk,clearbit_full,1.0
T9-1295,"Morningstar, Inc.",morningstar.in,clearbit_full,1.0
T9-1300,"STARWOOD PROPERTY TRUST, INC.",starwoodpropertytrust.com,clearbit_full,1.0
T9-1301,DESCARTES SYSTEMS GROUP INC,descartes.com,clearbit_full,0.85
T9-1302,"AUTONATION, INC.",autonation.com,clearbit_full,1.0
T9-1303,Matador Resources Co,matadorresources.com,clearbit_full,1.0
T9-1304,"Copa Holdings, S.A.",copasa.com.br,clearbit_full,0.8571428571428571
T9-1305,"Crocs, Inc.",crocs.com,clearbit_full,1.0
T9-1307,SASOL LTD,sasol.com,clearbit_full,1.0
T9-1308,"CG Oncology, Inc.",cgoncology.com,clearbit_full,1.0
T9-1309,CASELLA WASTE SYSTEMS INC,casella.com,clearbit_full,1.0
T9-1310,"Caesars Entertainment, Inc.",caesars.com,clearbit_full,1.0
T9-1313,Twist Bioscience Corp,twistbioscience.com,clearbit_full,1.0
T9-1314,"WYNDHAM HOTELS & RESORTS, INC.",wyndhamhotels.com,clearbit_full,1.0
T9-1315,GATX CORP,gatx.com,clearbit_full,1.0
T9-1316,Paylocity Holding Corp,paylocity.com,clearbit_full,1.0
T9-1317,Sezzle Inc.,sezzle.com,clearbit_full,1.0
T9-1318,"Matson, Inc.",matson.com,clearbit_full,1.0
T9-1319,Ingredion Inc,ingredion.com,clearbit_full,1.0
T9-1320,"Installed Building Products, Inc.",installedbuildingproducts.com,clearbit_full,1.0
T9-1322,Bausch & Lomb Corp,bauschrewards.com,clearbit_full,0.9230769230769231
T9-1323,"Macy's, Inc.",macys.com,clearbit_full,1.0
T9-1324,PRICESMART INC,pricesmart.com,clearbit_full,1.0
T9-1326,"Construction Partners, Inc.",fastconstruction.co.uk,clearbit_full,1.0
T9-1328,Victoria's Secret & Co.,victoriassecret.com,clearbit_full,0.9444444444444444
T9-1330,"UiPath, Inc.",uipath.com,clearbit_full,1.0
T9-1333,URBAN OUTFITTERS INC,urbanoutfitters.com,clearbit_full,1.0
T9-1334,HANCOCK WHITNEY CORP,hancockwhitney.com,clearbit_full,1.0
T9-1337,APPFOLIO INC,appfolio.com,clearbit_full,1.0
T9-1339,PARSONS CORP,parsons.com,clearbit_full,1.0
T9-1341,"SentinelOne, Inc.",sentinelone.com,clearbit_full,1.0
T9-1343,SELECTIVE INSURANCE GROUP INC,selective.com,clearbit_full,1.0
T9-1349,MGIC INVESTMENT CORP,mgic.com,clearbit_full,1.0
T9-1350,"Rigetti Computing, Inc.",rigetti.com,clearbit_full,1.0
T9-1352,Garrett Motion Inc.,garrettmotion.com,clearbit_full,1.0
T9-1353,TELEFLEX INC,teleflex.com,clearbit_full,1.0
T9-1355,Ingram Micro Holding Corp,ingrammicro.com,clearbit_full,1.0
T9-1357,Xenon Pharmaceuticals Inc.,xenon-pharma.com,clearbit_full,1.0
T9-1358,"BELITE BIO, INC",belitebio.com,clearbit_full,1.0
T9-1359,"Definium Therapeutics, Inc.",definiumtx.com,clearbit_full,1.0
T9-1360,Sphere Entertainment Co.,sphereentertainment.com,clearbit_full,1.0
T9-1361,"Duolingo, Inc.",duolingo.com,clearbit_full,1.0
T9-1362,"Enova International, Inc.",enova.com,clearbit_full,0.9743589743589743
T9-1363,OceanaGold Corp,oceanagold.com,clearbit_full,1.0
T9-1364,"Lyft, Inc.",lyft.com,clearbit_full,1.0
T9-1366,Kanzhun Ltd,kanzhun.com,clearbit_full,1.0
T9-1368,NEW JERSEY RESOURCES CORP,njresources.com,clearbit_full,1.0
T9-1369,ASSOCIATED BANC-CORP,associatedfinancialgroup.com,clearbit_full,1.0
T9-1370,Legend Biotech Corp,legendbiotech.com,clearbit_full,1.0
T9-1371,OUTFRONT Media Inc.,outfrontmarketing.co.uk,clearbit_full,1.0
T9-1372,HOME BANCSHARES INC,homebancshares.com,clearbit_full,1.0
T9-1376,ESAB Corp,esab.com,clearbit_full,1.0
T9-1377,NOVANTA INC,novanta.com,clearbit_full,1.0
T9-1378,RLI CORP,rlicorp.com,clearbit_full,1.0
T9-1379,"Erasca, Inc.",erasca.com,clearbit_full,1.0
T9-1380,Reynolds Consumer Products Inc.,reynoldsconsumerproducts.com,clearbit_full,1.0
T9-1381,Iridium Communications Inc.,iridium.com,clearbit_full,1.0
T9-1385,LandBridge Co LLC,landbridge.com.hk,clearbit_full,1.0
T9-1387,"Enphase Energy, Inc.",enphase.com,clearbit_full,1.0
T9-1388,NICE Ltd.,nice.com,clearbit_full,1.0
T9-1389,PBF Energy Inc.,pbfenergy.com,clearbit_full,1.0
T9-1391,CLEVELAND-CLIFFS INC.,clevelandcliffs.com,clearbit_full,1.0
T9-1393,Transocean Ltd.,deepwater.com,clearbit_full,1.0
T9-1395,OPEN TEXT CORP,opentext.com,clearbit_full,0.9411764705882353
T9-1396,"ACI WORLDWIDE, INC.",aciworldwide.com,clearbit_full,1.0
T9-1397,AAR CORP,aarp.org,clearbit_full,0.8571428571428571
T9-1398,"Axos Financial, Inc.",axosfinancial.com,clearbit_full,1.0
T9-1400,"BillionToOne, Inc.",billiontoone.com,clearbit_full,1.0
T9-1401,"Perimeter Solutions, Inc.",perimeter-solutions.com,clearbit_full,1.0
T9-1404,MakeMyTrip Ltd,makemytrip.com,clearbit_full,1.0
T9-1405,MATERION Corp,materion.com,clearbit_full,1.0
T9-1406,"Frontdoor, Inc.",frontdoorhome.com,clearbit_full,1.0
T9-1407,"Lemonade, Inc.",lemonade.com,clearbit_full,1.0
T9-1408,AMDOCS LTD,amdocs.com,clearbit_full,1.0
T9-1409,"Victory Capital Holdings, Inc.",vcm.com,clearbit_full,1.0
T9-1410,"Amneal Pharmaceuticals, Inc.",amneal.com,clearbit_full,1.0
T9-1411,Meritage Homes CORP,meritagehomes.com,clearbit_full,1.0
T9-1412,Aura Minerals Inc.,auraminerals.com,clearbit_full,1.0
T9-1414,TAL Education Group,tal-education.com,clearbit_full,1.0
T9-1416,B2GOLD CORP,b2gold.com,clearbit_full,1.0
T9-1417,BALCHEM CORP,balchem.com,clearbit_full,1.0
T9-1418,ULTRAPAR HOLDINGS INC,ultrapark.com,clearbit_full,0.9411764705882353
T9-1419,"Veradermics, Inc",veradermics.com,clearbit_full,1.0
T9-1420,Gitlab Inc.,gitlab.com,clearbit_full,1.0
T9-1421,"RadNet, Inc.",radnet.com,clearbit_full,1.0
T9-1424,WHITE MOUNTAINS INSURANCE GROUP LTD,whitemountains.com,clearbit_full,0.8928571428571429
T9-1426,"Versant Media Group, Inc.",versantmedia.com,clearbit_full,1.0
T9-1427,"LAUREATE EDUCATION, INC.",laureate.net,clearbit_full,1.0
T9-1428,URANIUM ENERGY CORP,uraniumenergy.com,clearbit_full,1.0
T9-1429,SENSIENT TECHNOLOGIES CORP,sensient.com,clearbit_full,1.0
T9-1430,"Travere Therapeutics, Inc.",travere.com,clearbit_full,1.0
T9-1432,Celcuity Inc.,celcuity.com,clearbit_full,1.0
T9-1433,Pattern Group Inc.,pattern.com,clearbit_full,1.0
T9-1434,Celanese Corp,celanese.com,clearbit_full,1.0
T9-1435,GENTEX CORP,gentex.com,clearbit_full,1.0
T9-1437,"QUALYS, INC.",qualys.com,clearbit_full,1.0
T9-1438,ADT Inc.,adt.com,clearbit_full,1.0
T9-1439,"Amentum Holdings, Inc.",amentum.com,clearbit_full,1.0
T9-1440,PEGASYSTEMS INC,pega.com,clearbit_full,1.0
T9-1442,StepStone Group Inc.,stepstone.de,clearbit_full,1.0
T9-1444,"Caris Life Sciences, Inc.",carislifesciences.com,clearbit_full,1.0
T9-1445,Zeta Global Holdings Corp.,zetaglobal.com,clearbit_full,1.0
T9-1447,Fermi Inc.,fighting-fake-news.eu,clearbit_full,1.0
T9-1449,BRUNSWICK CORP,brunswick.com,clearbit_full,1.0
T9-1451,Sotera Health Co,soterahealth.com,clearbit_full,1.0
T9-1453,COUSINS PROPERTIES INC,cousins.com,clearbit_full,1.0
T9-1456,"Shift4 Payments, Inc.",shiftpayments.com,clearbit_full,0.9655172413793104
T9-1459,WEX Inc.,wexinc.com,clearbit_full,1.0
T9-1460,H&R BLOCK INC,hrblock.com,clearbit_full,1.0
T9-1461,Rithm Capital Corp.,rithmcap.com,clearbit_full,1.0
T9-1462,"Xometry, Inc.",xometry.com,clearbit_full,1.0
T9-1463,BBB FOODS INC,bbbfoods.net,clearbit_full,1.0
T9-1464,"Klaviyo, Inc.",klaviyo.com,clearbit_full,1.0
T9-1466,UFP INDUSTRIES INC,ufpi.com,clearbit_full,1.0
T9-1467,TREX CO INC,trex.com,clearbit_full,1.0
T9-1468,Colliers International Group Inc.,colliers.com,clearbit_full,1.0
T9-1470,VAIL RESORTS INC,vailresortscareers.com,clearbit_full,1.0
T9-1474,GOLAR LNG LTD,golarlng.com,clearbit_full,1.0
T9-1475,VALVOLINE INC,valvoline.com,clearbit_full,1.0
T9-1476,"SiteOne Landscape Supply, Inc.",siteone.ca,clearbit_full,0.8727272727272727
T9-1478,"X-Energy, Inc.",x-energy.com,clearbit_full,1.0
T9-1479,"10x Genomics, Inc.",10xgenomics.com,clearbit_full,1.0
T9-1480,UNIFIRST CORP,unifirst.com,clearbit_full,1.0
T9-1483,Genpact LTD,genpact.com,clearbit_full,1.0
T9-1487,"Global Business Travel Group, Inc.",global-businesstravel.de,clearbit_full,1.0
T9-1493,NELNET INC,nelnet.com,clearbit_full,1.0
T9-1495,"ONE Gas, Inc.",onegas.com,clearbit_full,1.0
T9-1497,Wingstop Inc.,wingstop.com,clearbit_full,1.0
T9-1498,EquipmentShare.com Inc,equipmentshare.com,clearbit_full,1.0
T9-1500,"Dolby Laboratories, Inc.",dolby.com,clearbit_full,1.0
T9-1502,"StubHub Holdings, Inc.",stubhub.com,clearbit_full,1.0
T9-1504,WillScot Holdings Corp,willscot.com,clearbit_full,1.0
T9-1505,Knife River Corp,kniferiver.com,clearbit_full,1.0
T9-1509,Magnolia Oil & Gas Corp,magnoliaoilgas.com,clearbit_full,1.0
T9-1510,CECO ENVIRONMENTAL CORP,cecoenviro.com,clearbit_full,1.0
T9-1512,"Tango Therapeutics, Inc.",tangotx.com,clearbit_full,1.0
T9-1514,"Boot Barn Holdings, Inc.",bootbarn.com,clearbit_full,1.0
T9-1515,Primoris Services Corp,prim.com,clearbit_full,1.0
T9-1516,Travel & Leisure Co.,travelandleisure.com,clearbit_full,0.9375
T9-1517,"Ultra Clean Holdings, Inc.",ultra-clean.uk,clearbit_full,1.0
T9-1519,Firefly Aerospace Inc.,firefly.com,clearbit_full,1.0
T9-1520,"ServisFirst Bancshares, Inc.",servisfirstbancshares.com,clearbit_full,1.0
T9-1521,Netskope Inc,netskope.com,clearbit_full,1.0
T9-1524,INTERNATIONAL BANCSHARES CORP,ibc.com,clearbit_full,1.0
T9-1525,SPIRE INC,spireenergy.com,clearbit_full,1.0
T9-1527,"Kontoor Brands, Inc.",kontoorbrands.com,clearbit_full,1.0
T9-1529,"USA Rare Earth, Inc.",usare.com,clearbit_full,0.9230769230769231
T9-1531,"Champion Homes, Inc.",championhomes.com.au,clearbit_full,1.0
T9-1534,SYNAPTICS Inc,synaptics.com,clearbit_full,1.0
T9-1536,FRANKLIN ELECTRIC CO INC,franklin-electric.com,clearbit_full,1.0
T9-1538,"FTI CONSULTING, INC",fticonsulting.com,clearbit_full,1.0
T9-1539,Liberty Broadband Corp,libertybroadband.com,clearbit_full,1.0
T9-1540,KILROY REALTY CORP,kilroyrealty.com,clearbit_full,1.0
T9-1541,"KBR, INC.",kbr.com,clearbit_full,1.0
T9-1542,"CAVCO INDUSTRIES, INC.",cavco.com,clearbit_full,1.0
T9-1543,"EPAM Systems, Inc.",epam.com,clearbit_full,1.0
T9-1546,LivaNova PLC,livanova.com,clearbit_full,1.0
T9-1548,"GRUPO SIMEC, S.A.B. de C.V.",gsimec.com.mx,clearbit_full,0.9333333333333333
T9-1549,MURPHY OIL CORP,murphyoilcorp.com,clearbit_full,1.0
T9-1550,"VERACYTE, INC.",veracyte.com,clearbit_full,1.0
T9-1551,California Resources Corp,crc.com,clearbit_full,1.0
T9-1555,EPR PROPERTIES,eprkc.com,clearbit_full,1.0
T9-1556,"CSW INDUSTRIALS, INC.",cswindustrials.com,clearbit_full,1.0
T9-1559,AZZ INC,azza.az,clearbit_full,0.8571428571428571
T9-1560,Waystar Holding Corp.,waystar.com,clearbit_full,1.0
T9-1561,Marex Group plc,marex.kz,clearbit_full,1.0
T9-1562,Envista Holdings Corp,envistaco.com,clearbit_full,1.0
T9-1563,BELDEN INC.,belden.com,clearbit_full,1.0
T9-1564,"Ollie's Bargain Outlet Holdings, Inc.",ollies.us,clearbit_full,1.0
T9-1565,IPG PHOTONICS CORP,ipgphotonics.com,clearbit_full,1.0
T9-1566,Almonty Industries Inc.,almonty.com,clearbit_full,1.0
T9-1567,CABOT CORP,cabotcorp.com,clearbit_full,1.0
T9-1568,"Crinetics Pharmaceuticals, Inc.",crinetics.com,clearbit_full,1.0
T9-1570,ACADIA PHARMACEUTICALS INC,acadia.com,clearbit_full,1.0
T9-1573,Hamilton Lane INC,hamiltonlane.com,clearbit_full,1.0
T9-1574,"Bath & Body Works, Inc.",bathandbodyworks.com,clearbit_full,1.0
T9-1575,Howard Hughes Holdings Inc.,howardhughes.com,clearbit_full,1.0
T9-1577,Covista Inc.,covistagt.com,clearbit_full,1.0
T9-1580,"NorthWestern Energy Group, Inc.",northwesternenergy.com,clearbit_full,1.0
T9-1581,dLocal Ltd,dlocal.com,clearbit_full,1.0
T9-1584,COPT DEFENSE PROPERTIES,copt.com,clearbit_full,1.0
T9-1585,QuantumScape Corp,quantumscape.com,clearbit_full,1.0
T9-1586,"Viking Therapeutics, Inc.",vikingtherapeutics.com,clearbit_full,1.0
T9-1589,"BETA Technologies, Inc.",beta.team,clearbit_full,1.0
T9-1590,BRADY CORP,bradyunited.org,clearbit_full,1.0
T9-1591,CENTURY ALUMINUM CO,centuryaluminum.com,clearbit_full,1.0
T9-1594,"Excelerate Energy, Inc.",excelerateenergy.com,clearbit_full,1.0
T9-1595,IMPINJ INC,impinj.com,clearbit_full,1.0
T9-1596,COMSTOCK RESOURCES INC,comstockresources.com,clearbit_full,1.0
T9-1597,"LifeStance Health Group, Inc.",sbbh.net,clearbit_full,1.0
T9-1598,"OPENLANE, Inc.",openlane.com,clearbit_full,1.0
T9-1599,"FEDERATED HERMES, INC.",thefederatedhermes.com,clearbit_full,1.0
T9-1601,"GREIF, INC",greif.com,clearbit_full,1.0
T9-1602,"WARRIOR MET COAL, INC.",warriormetcoal.com,clearbit_full,1.0
T9-1604,GRIFFON CORP,griffoninc.jp,clearbit_full,1.0
T9-1605,BADGER METER INC,badgermeter.com,clearbit_full,1.0
T9-1606,TRANSALTA CORP,transalta.com,clearbit_full,1.0
T9-1607,"Tenable Holdings, Inc.",tenable.com,clearbit_full,1.0
T9-1608,"Edgewise Therapeutics, Inc.",edgewisetx.com,clearbit_full,1.0
T9-1609,"Hagerty, Inc.",hagerty.com,clearbit_full,1.0
T9-1613,"Planet Fitness, Inc.",planetfitness.com,clearbit_full,1.0
T9-1614,BRP Inc.,brp.com,clearbit_full,1.0
T9-1615,MERIT MEDICAL SYSTEMS INC,meritoncology.com,clearbit_full,1.0
T9-1617,ALGONQUIN POWER & UTILITIES CORP.,algonquinpower.com,clearbit_full,1.0
T9-1620,BRINKS CO,brinks.com,clearbit_full,0.9230769230769231
T9-1621,CATHAY GENERAL BANCORP,cathaygeneralbancorp.com,clearbit_full,1.0
T9-1623,Hilton Grand Vacations Inc.,hiltongrandvacations.com,clearbit_full,1.0
T9-1625,"Liftoff Mobile, Inc.",liftoff.io,clearbit_full,1.0
T9-1626,MARKETAXESS HOLDINGS INC,marketaxess.com,clearbit_full,1.0
T9-1627,"BREAD FINANCIAL HOLDINGS, INC.",breadfinancial.com,clearbit_full,1.0
T9-1628,"ExlService Holdings, Inc.",exlservices.co.uk,clearbit_full,0.9090909090909091
T9-1632,SL GREEN REALTY CORP,slgreen.com,clearbit_full,1.0
T9-1633,"Dorman Products, Inc.",dormanproducts.com,clearbit_full,1.0
T9-1636,Denali Therapeutics Inc.,denalitherapeutics.com,clearbit_full,1.0
T9-1637,Andersen Group Inc.,andersenlab.com,clearbit_full,1.0
T9-1638,"Lazard, Inc.",lazard.com,clearbit_full,1.0
T9-1641,"International Seaways, Inc.",intlseas.com,clearbit_full,1.0
T9-1644,POWER INTEGRATIONS INC,power.com,clearbit_full,1.0
T9-1645,"Relay Therapeutics, Inc.",relaytx.com,clearbit_full,1.0
T9-1646,INDEPENDENT BANK CORP,independentbank.com,clearbit_full,1.0
T9-1648,TUTOR PERINI CORP,tutorperini.com,clearbit_full,1.0
T9-1649,"Grand Canyon Education, Inc.",gce.com,clearbit_full,1.0
T9-1651,"M/I HOMES, INC.",mihomes.com,clearbit_full,1.0
T9-1652,"COHEN & STEERS, INC.",cohenandsteers.com,clearbit_full,1.0
T9-1654,Vontier Corp,vontier.com,clearbit_full,1.0
T9-1656,Telix Pharmaceuticals Ltd,telixpharma.com,clearbit_full,1.0
T9-1659,SCOTTS MIRACLE-GRO CO,scottsmiracle-gro.com,clearbit_full,1.0
T9-1661,"Doximity, Inc.",doximity.com,clearbit_full,1.0
T9-1662,THOR INDUSTRIES INC,thorindustries.com,clearbit_full,1.0
T9-1663,CAL-MAINE FOODS INC,calmainefoods.com,clearbit_full,1.0
T9-1666,RENASANT CORP,renasant.com,clearbit_full,1.0
T9-1670,"Apple Hospitality REIT, Inc.",applehospitalityreit.com,clearbit_full,1.0
T9-1672,"NEWMARK GROUP, INC.",nmrk.com,clearbit_full,1.0
T9-1674,"Mueller Water Products, Inc.",muellerwaterproducts.com,clearbit_full,1.0
T9-1676,"Chefs' Warehouse, Inc.",chefswarehouse.co.za,clearbit_full,0.967741935483871
T9-1677,EXTREME NETWORKS INC,extremenetworks.com,clearbit_full,1.0
T9-1678,Liberty Energy Inc.,libertyenergy.com,clearbit_full,1.0
T9-1679,PLDT Inc.,pldt.com,clearbit_full,1.0
T9-1680,Bullish,bullish.com,clearbit_full,1.0
T9-1684,BOX INC,box.com,clearbit_full,1.0
T9-1686,"Stride, Inc.",strideq.com,clearbit_full,0.9230769230769231
T9-1689,Otter Tail Corp,ottertail.com,clearbit_full,1.0
T9-1691,ASBURY AUTOMOTIVE GROUP INC,asburycareers.com,clearbit_full,1.0
T9-1692,INTERPARFUMS INC,interparfums.fr,clearbit_full,1.0
T9-1693,"USA Compression Partners, LP",usacompression.com,clearbit_full,1.0
T9-1694,Orla Mining Ltd.,orlamining.com,clearbit_full,1.0
T9-1695,Liberty Global Ltd.,libertyglobal.com,clearbit_full,1.0
T9-1696,"Arcus Biosciences, Inc.",arcusbio.com,clearbit_full,1.0
T9-1697,"Dyne Therapeutics, Inc.",dyne-tx.com,clearbit_full,1.0
T9-1698,Webull Corp,webull.com,clearbit_full,1.0
T9-1699,WESBANCO INC,wesbanco.com,clearbit_full,1.0
T9-1700,FIRST INTERSTATE BANCSYSTEM INC,fibk.com,clearbit_full,1.0
T9-1703,Structure Therapeutics Inc.,structuretx.com,clearbit_full,1.0
T9-1704,Brookdale Senior Living Inc.,brookdale.com,clearbit_full,1.0
T9-1705,"Vita Coco Company, Inc.",vitacoco.com,clearbit_full,1.0
T9-1706,"ITRON, INC.",itron.com,clearbit_full,1.0
T9-1707,"YETI Holdings, Inc.",yeti.com,clearbit_full,1.0
T9-1708,Polibeli Group Ltd,polibeli.id,clearbit_full,1.0
T9-1709,NATIONAL HEALTH INVESTORS INC,nhireit.com,clearbit_full,1.0
T9-1711,KB HOME,kbhome.com,clearbit_full,1.0
T9-1712,ADVANCE AUTO PARTS INC,advanceautoparts.com,clearbit_full,1.0
T9-1715,ASSURED GUARANTY LTD,assuredguaranty.com,clearbit_full,1.0
T9-1720,PLUG POWER INC,plugpower.com,clearbit_full,1.0
T9-1721,"Cinemark Holdings, Inc.",cinemark.com,clearbit_full,1.0
T9-1722,"Hayward Holdings, Inc.",hayward.fr,clearbit_full,1.0
T9-1725,"Brighthouse Financial, Inc.",brighthousefinancial.com,clearbit_full,1.0
T9-1726,OSI SYSTEMS INC,osi-systems.com,clearbit_full,1.0
T9-1727,KADANT INC,kadant.com,clearbit_full,1.0
T9-1730,Scorpio Tankers Inc.,scorpiotankers.com,clearbit_full,1.0
T9-1731,"IDEAYA Biosciences, Inc.",ideayabio.com,clearbit_full,1.0
T9-1732,Kyivstar Group Ltd.,kyivstar.ua,clearbit_full,1.0
T9-1735,VEON Ltd.,veon.com,clearbit_full,1.0
T9-1736,Polaris Inc.,polaris.com,clearbit_full,1.0
T9-1737,Warby Parker Inc.,warbyparker.com,clearbit_full,1.0
T9-1738,"LG Display Co., Ltd.",lgdisplay.com,clearbit_full,1.0
T9-1739,Beam Therapeutics Inc.,beamtx.com,clearbit_full,1.0
T9-1740,"HIGHWOODS PROPERTIES, INC.",highwoods.com,clearbit_full,1.0
T9-1742,"NLIGHT, INC.",n-light.ru,clearbit_full,0.9230769230769231
T9-1744,WPP plc,wpp.com,clearbit_full,1.0
T9-1746,"Enliven Therapeutics, Inc.",enliventherapeutics.com,clearbit_full,1.0
T9-1747,Organon & Co.,organon.com,clearbit_full,0.875
T9-1749,Kenon Holdings Ltd.,ken-on.co.jp,clearbit_full,0.9090909090909091
T9-1750,KORN FERRY,kornferry.com,clearbit_full,1.0
T9-1752,Ermenegildo Zegna N.V.,zegna.com,clearbit_full,0.9302325581395349
T9-1754,"BankUnited, Inc.",bankunited.com,clearbit_full,1.0
T9-1755,Navitas Semiconductor Corp,navitassemi.com,clearbit_full,1.0
T9-1756,FIRST ADVANTAGE CORP,volunteerselectplus.com,clearbit_full,1.0
T9-1758,METHANEX CORP,methanex.com,clearbit_full,1.0
T9-1760,Hafnia Ltd,hafniabw.com,clearbit_full,1.0
T9-1761,UWM Holdings Corp,uwmcareers.com,clearbit_full,1.0
T9-1762,"Cactus, Inc.",cactusglobal.com,clearbit_full,1.0
T9-1764,MINISO Group Holding Ltd,miniso.com,clearbit_full,1.0
T9-1765,ASTRONICS CORP,astronics.com,clearbit_full,1.0
T9-1766,People Inc,people.com,clearbit_full,1.0
T9-1770,ENERGY FUELS INC,energyfuels.com,clearbit_full,1.0
T9-1771,"Privia Health Group, Inc.",priviahealth.com,clearbit_full,1.0
T9-1772,MARRIOTT VACATIONS WORLDWIDE Corp,marriottvacationsworldwide.com,clearbit_full,1.0
T9-1773,"Option Care Health, Inc.",optioncarehealth.com,clearbit_full,1.0
T9-1774,AMBARELLA INC,ambarella.com,clearbit_full,1.0
T9-1776,ROBERT HALF INC.,roberthalfon.com,clearbit_full,0.9166666666666666
T9-1777,"ICHOR HOLDINGS, LTD.",ichor.com.au,clearbit_full,0.9090909090909091
T9-1778,INSIGHT ENTERPRISES INC,insight.com,clearbit_full,1.0
T9-1779,AVIENT CORP,avient.com,clearbit_full,1.0
T9-1780,AVISTA CORP,avistacorp.com,clearbit_full,1.0
T9-1781,"Green Brick Partners, Inc.",greenbrickpartners.com,clearbit_full,1.0
T9-1782,"Hamilton Insurance Group, Ltd.",hamiltonins.com,clearbit_full,1.0
T9-1783,NATIONAL HEALTHCARE CORP,nhg.com.sg,clearbit_full,0.8636363636363636
T9-1784,HAEMONETICS CORP,haemonetics.com,clearbit_full,1.0
T9-1785,"Paymentus Holdings, Inc.",paymentus.com,clearbit_full,1.0
T9-1788,JOYY Inc.,joyyburcu.com,clearbit_full,1.0
T9-1791,ALUMIS INC.,alumis.com,clearbit_full,1.0
T9-1792,NUSCALE POWER Corp,nuscalepower.com,clearbit_full,1.0
T9-1797,"RingCentral, Inc.",ringcentral.com,clearbit_full,1.0
T9-1798,"Upstart Holdings, Inc.",upstart.com,clearbit_full,1.0
T9-1799,AMERICAN STATES WATER CO,aswater.com,clearbit_full,1.0
T9-1805,Centerra Gold Inc.,centerragold.com,clearbit_full,1.0
T9-1809,Callaway Golf Co,callawaygolf.com,clearbit_full,1.0
T9-1810,Cushman & Wakefield Ltd.,cushmanwakefield.com,clearbit_full,1.0
T9-1811,BANK OF HAWAII CORP,boh.com,clearbit_full,1.0
T9-1813,CCC Intelligent Solutions Holdings Inc.,cccis.com,clearbit_full,1.0
T9-1814,CORVEL CORP,corvel.com,clearbit_full,1.0
T9-1815,"CarGurus, Inc.",cargurus.com,clearbit_full,1.0
T9-1816,SIGNET JEWELERS LTD,signetjewelers.com,clearbit_full,1.0
T9-1818,"CLEANSPARK, INC.",cleanspark.com,clearbit_full,1.0
T9-1819,COLUMBIA SPORTSWEAR CO,columbia.com,clearbit_full,1.0
T9-1822,"Penguin Solutions, Inc.",penguinsolutions.com,clearbit_full,1.0
T9-1823,Integer Holdings Corp,integer.net,clearbit_full,1.0
T9-1824,York Space Systems Inc.,yorkspacesystems.com,clearbit_full,1.0
T9-1825,"Arcutis Biotherapeutics, Inc.",arcutis.com,clearbit_full,1.0
T9-1826,"Delek US Holdings, Inc.",delekus.com,clearbit_full,1.0
T9-1827,Adeia Inc.,adeia.com,clearbit_full,1.0
T9-1828,eToro Group Ltd.,etoro.com,clearbit_full,1.0
T9-1831,RH,rh.com,clearbit_full,1.0
T9-1833,CENTRUS ENERGY CORP,centrusenergy.com,clearbit_full,1.0
T9-1834,"SOLAREDGE TECHNOLOGIES, INC.",solaredge.com,clearbit_full,1.0
T9-1835,MGE ENERGY INC,mgeenergy.com,clearbit_full,1.0
T9-1838,"Ouster, Inc.",ouster.com,clearbit_full,1.0
T9-1839,Regencell Bioscience Holdings Ltd,regencellbioscience.com,clearbit_full,1.0
T9-1841,Knowles Corp,knowles.com,clearbit_full,1.0
T9-1842,"Intuitive Machines, Inc.",intuitivemachines.com,clearbit_full,1.0
T9-1846,"BANC OF CALIFORNIA, INC.",bancofcal.com,clearbit_full,1.0
T9-1847,"Helmerich & Payne, Inc.",hpinc.com,clearbit_full,1.0
T9-1849,AGILYSYS INC,agilysys.com,clearbit_full,1.0
T9-1850,NATIONAL BEVERAGE CORP,nationalbeverage.com,clearbit_full,1.0
T9-1851,"NMI Holdings, Inc.",nmi.com,clearbit_full,1.0
T9-1854,BENCHMARK ELECTRONICS INC,bench.com,clearbit_full,1.0
T9-1855,Crescent Energy Co,crescent-energy.com,clearbit_full,1.0
T9-1857,ACADIA REALTY TRUST,acadiarealty.com,clearbit_full,1.0
T9-1860,"CoreCivic, Inc.",corecivic.com,clearbit_full,1.0
T9-1861,ASHLAND INC.,ashland.com,clearbit_full,1.0
T9-1862,PROVIDENT FINANCIAL SERVICES INC,provident.com.au,clearbit_full,1.0
T9-1863,TOOTSIE ROLL INDUSTRIES INC,tootsie.com,clearbit_full,1.0
T9-1864,ALLIANCE RESOURCE PARTNERS LP,arlp.com,clearbit_full,0.896551724137931
T9-1865,Urban Edge Properties,uedge.com,clearbit_full,1.0
T9-1866,Sunrun Inc.,sunrun.com,clearbit_full,1.0
T9-1867,GULFPORT ENERGY CORP,gulfportenergy.com,clearbit_full,1.0
T9-1869,"Celldex Therapeutics, Inc.",celldex.com,clearbit_full,1.0
T9-1870,CALIFORNIA WATER SERVICE GROUP,calwater.com,clearbit_full,1.0
T9-1871,Accelerant Holdings,accelerantfire.com,clearbit_full,1.0
T9-1872,CHESAPEAKE UTILITIES CORP,chpkgas.com,clearbit_full,1.0
T9-1876,HNI CORP,hnicorp.com,clearbit_full,1.0
T9-1877,SEABRIDGE GOLD INC,seabridgegold.com,clearbit_full,1.0
T9-1878,"Academy Sports & Outdoors, Inc.",academy.com,clearbit_full,0.96
T9-1879,"GRAIL, Inc.",grail.com,clearbit_full,1.0
T9-1880,SPROTT INC.,sprott.com,clearbit_full,1.0
T9-1882,Pony AI Inc.,pony.ai,clearbit_full,0.8571428571428571
T9-1883,EXPONENT INC,tryexponent.com,clearbit_full,1.0
T9-1884,"Vera Therapeutics, Inc.",veratx.com,clearbit_full,1.0
T9-1886,"PENN Entertainment, Inc.",pennentertainment.com,clearbit_full,1.0
T9-1887,"SELLAS Life Sciences Group, Inc.",sellaslifesciences.com,clearbit_full,1.0
T9-1888,"EURONET WORLDWIDE, INC.",euronetworldwide.com,clearbit_full,1.0
T9-1890,"Acadia Healthcare Company, Inc.",acadiahealthcare.com,clearbit_full,1.0
T9-1893,"MAXIMUS, INC.",maximus.com,clearbit_full,1.0
T9-1897,"MAGNITE, INC.",magnite.com,clearbit_full,1.0
T9-1898,"STEVEN MADDEN, LTD.",stevemadden.com,clearbit_full,1.0
T9-1899,"DigitalBridge Group, Inc.",digitalbridge.com,clearbit_full,1.0
T9-1901,WORKIVA INC,workiva.com,clearbit_full,1.0
T9-1902,"Disc Medicine, Inc.",discmedicine.com,clearbit_full,1.0
T9-1903,ONESPAWORLD HOLDINGS Ltd,onespaworld.com,clearbit_full,1.0
T9-1905,Park Hotels & Resorts Inc.,pkhotelsandresorts.com,clearbit_full,1.0
T9-1907,DENISON MINES CORP.,denisonmines.com,clearbit_full,1.0
T9-1908,HAWKINS INC,hawkinsinc.com,clearbit_full,1.0
T9-1909,SiriusPoint Ltd,siriuspt.com,clearbit_full,1.0
T9-1911,KAISER ALUMINUM CORP,kaiseraluminum.com,clearbit_full,1.0
T9-1913,"DIEBOLD NIXDORF, Inc",dieboldnixdorf.com,clearbit_full,1.0
T9-1915,CVR ENERGY INC,cvrenergy.com,clearbit_full,1.0
T9-1917,Freshworks Inc.,freshworks.com,clearbit_full,1.0
T9-1918,Grindr Inc.,grindr.com,clearbit_full,1.0
T9-1922,"Fastly, Inc.",fastly.com,clearbit_full,1.0
T9-1923,TORM plc,torm.com,clearbit_full,1.0
T9-1926,"Under Armour, Inc.",underarmour.com,clearbit_full,1.0
T9-1928,PATRICK INDUSTRIES INC,patrickind.com,clearbit_full,1.0
T9-1929,Enerflex Ltd.,enerflex.com,clearbit_full,1.0
T9-1934,Aya Gold & Silver Inc.,ayagoldsilver.com,clearbit_full,1.0
T9-1936,PHINIA INC.,phinia.com,clearbit_full,1.0
T9-1937,DYNEX CAPITAL INC,dynexcapital.com,clearbit_full,1.0
T9-1938,QUAKER CHEMICAL CORP,quaker.com.au,clearbit_full,1.0
T9-1939,COHU INC,cohub.my,clearbit_full,0.8888888888888888
T9-1940,BW LPG Ltd,bwlpg.com,clearbit_full,1.0
T9-1941,"SUPERNUS PHARMACEUTICALS, INC.",supernus.com,clearbit_full,1.0
T9-1942,"Delek Logistics Partners, LP",deleklogistics.com,clearbit_full,1.0
T9-1943,InvenTrust Properties Corp.,inventrustproperties.com,clearbit_full,1.0
T9-1944,BAYTEX ENERGY CORP.,baytexenergy.com,clearbit_full,1.0
T9-1946,"Freshpet, Inc.",freshpet.com,clearbit_full,1.0
T9-1948,"Baldwin Insurance Group, Inc.",baldwininsgroup.com,clearbit_full,0.85
T9-1949,IHS Holding Ltd,ihsa.org,clearbit_full,0.8571428571428571
T9-1950,"DHT Holdings, Inc.",3dht.it,clearbit_full,0.8571428571428571
T9-1952,"WisdomTree, Inc.",wisdomtree.com,clearbit_full,1.0
T9-1953,AMERICAN EAGLE OUTFITTERS INC,ae.com,clearbit_full,1.0
T9-1955,"Curaleaf Holdings, Inc.",curaleaf.com,clearbit_full,1.0
T9-1956,"Four Corners Property Trust, Inc.",fcpt.com,clearbit_full,1.0
T9-1957,"MBX Biosciences, Inc.",mbxbio.com,clearbit_full,1.0
T9-1958,CENTRAL GARDEN & PET CO,central.com,clearbit_full,1.0
T9-1961,MEDICAL PROPERTIES TRUST INC,medicalpropertiestrust.com,clearbit_full,1.0
T9-1964,FIRST MERCHANTS CORP,firstmerchants.com,clearbit_full,1.0
T9-1966,VISTEON CORP,visteon.com,clearbit_full,1.0
T9-1967,Ero Copper Corp.,erocopper.com,clearbit_full,1.0
T9-1968,Kingsoft Cloud Holdings Ltd,ksyun.com,clearbit_full,1.0
T9-1969,"HELIOS TECHNOLOGIES, INC.",heliostechnologies.com,clearbit_full,1.0
T9-1970,DIGI INTERNATIONAL INC,digi.com,clearbit_full,1.0
T9-1971,TRUSTMARK CORP,trustmark.com,clearbit_full,1.0
T9-1972,PEABODY ENERGY CORP,peabodyenergy.com,clearbit_full,1.0
T9-1974,TRINITY INDUSTRIES INC,trin.net,clearbit_full,1.0
T9-1977,"Kyndryl Holdings, Inc.",kyndryl.com,clearbit_full,1.0
T9-1978,Hesai Group,hesaitech.com,clearbit_full,1.0
T9-1979,"Infleqtion, Inc.",infleqtion.com,clearbit_full,1.0
T9-1981,"Braze, Inc.",braze.com,clearbit_full,1.0
T9-1984,Immunome Inc.,immunome.com,clearbit_full,1.0
T9-1985,BOISE CASCADE Co,bc.com,clearbit_full,1.0
T9-1986,PERPETUA RESOURCES CORP.,perpetuaresources.com,clearbit_full,1.0
T9-1990,UNIVERSAL TECHNICAL INSTITUTE INC,uti.edu,clearbit_full,1.0
T9-1991,SONIC AUTOMOTIVE INC,sonicautomotive.com,clearbit_full,1.0
T9-1995,"HARLEY-DAVIDSON, INC.",harley-davidson.com,clearbit_full,1.0
T9-1996,ESTABLISHMENT LABS HOLDINGS INC.,establishmentlabs.com,clearbit_full,1.0
T9-1997,Nayax Ltd.,nayax.com,clearbit_full,1.0
T9-1998,"A10 Networks, Inc.",a10networks.com,clearbit_full,1.0
T9-2000,Uniti Group Inc.,unitil.com,clearbit_full,0.9090909090909091
