lead_id,company_legal_name,suggested_domain_UNVERIFIED,method
T9-0016,ASML HOLDING NV,asml.com,clearbit_shortname
T9-0023,"CISCO SYSTEMS, INC.",cisco.com,clearbit_shortname
T9-0042,NOVARTIS AG,novartis.com,clearbit_shortname
T9-0061,NOVO NORDISK A S,novo.co,clearbit_shortname
T9-0066,AMPHENOL CORP /DE/,amphenol.com,clearbit_shortname
T9-0076,"T-Mobile US, Inc.",t-mobile.com,clearbit_shortname
T9-0079,QUALCOMM INC/DE,qualcomm.com,clearbit_shortname
T9-0084,VERIZON COMMUNICATIONS INC,verizon.com,clearbit_shortname
T9-0087,TotalEnergies SE,totalenergies.com,clearbit_shortname
T9-0095,ABBOTT LABORATORIES,abbott.com,clearbit_shortname
T9-0099,Anheuser-Busch InBev SA/NV,anheuser-busch.com,clearbit_shortname
T9-0106,INTUITIVE SURGICAL INC,intuitive.com,clearbit_shortname
T9-0108,SOUTHERN COPPER CORP/,southerncompany.com,clearbit_shortname
T9-0112,DANAHER CORP /DE/,danaher.com,clearbit_shortname
T9-0117,PROGRESSIVE CORP/OH/,progressive.com,clearbit_shortname
T9-0119,VERTEX PHARMACEUTICALS INC / MA,vertexinc.com,clearbit_shortname
T9-0127,LOWES COMPANIES INC,lowes.com,clearbit_shortname
T9-0136,MIZUHO FINANCIAL GROUP INC,mizuhogroup.com,clearbit_shortname
T9-0146,Howmet Aerospace Inc.,howmet.com,clearbit_shortname
T9-0153,PETROBRAS - PETROLEO BRASILEIRO SA,petrobras.com.br,clearbit_shortname
T9-0154,NEWMONT Corp /DE/,newmont.com,clearbit_shortname
T9-0158,"Robinhood Markets, Inc.",robinhood.com,clearbit_shortname
T9-0164,Spotify Technology S.A.,spotify.com,clearbit_shortname
T9-0168,AUTOMATIC DATA PROCESSING INC,automatic.com,clearbit_shortname
T9-0188,Lloyds Banking Group plc,lloyds.com,clearbit_shortname
T9-0197,MOODYS CORP /DE/,moodys.com,clearbit_shortname
T9-0199,Constellation Energy Corp,constellation.com,clearbit_shortname
T9-0211,ENTERPRISE PRODUCTS PARTNERS L.P.,enterprise.com,clearbit_shortname
T9-0215,Honeywell Aerospace Inc.,honeywell.com,clearbit_shortname
T9-0219,EMERSON ELECTRIC CO,emerson.com,clearbit_shortname
T9-0227,AGNICO EAGLE MINES LTD,agnico.org,clearbit_shortname
T9-0240,HONEYWELL INTERNATIONAL INC,honeywell.com,clearbit_shortname
T9-0241,"TRAVELERS COMPANIES, INC.",travelers.com,clearbit_shortname
T9-0256,"REGENERON PHARMACEUTICALS, INC.",regeneron.com,clearbit_shortname
T9-0257,MANULIFE FINANCIAL CORP,manulife.com,clearbit_shortname
T9-0262,Ferrari N.V.,ferrari.com,clearbit_shortname
T9-0273,Arthur J. Gallagher & Co.,arthur.ai,clearbit_shortname
T9-0277,TRUIST FINANCIAL CORP,truist.com,clearbit_shortname
T9-0290,STMicroelectronics N.V.,st.com,clearbit_shortname
T9-0294,ARGENX SE,argenx.com,clearbit_shortname
T9-0295,CARRIER GLOBAL Corp,carrier.com,clearbit_shortname
T9-0306,"L3HARRIS TECHNOLOGIES, INC. /DE/",l3harris.com,clearbit_shortname
T9-0312,ONEOK INC /NEW/,oneok.com,clearbit_shortname
T9-0314,Nebius Group N.V.,nebius.ai,clearbit_shortname
T9-0319,ENTERGY CORP /DE/,entergy.com,clearbit_shortname
T9-0322,TAKEDA PHARMACEUTICAL CO LTD,takeda.com,clearbit_shortname
T9-0331,SUMITOMO ELECTRIC INDUSTRIES LTD/ADR/,sumitomocorp.com,clearbit_shortname
T9-0339,OCCIDENTAL PETROLEUM CORP /DE/,occidentalbar.com,clearbit_shortname
T9-0340,Ferrovial N.V.,ferrovial.com,clearbit_shortname
T9-0343,AMBEV S.A.,ambev.com.br,clearbit_shortname
T9-0351,DEVON ENERGY CORP/DE,streamershaven.blog,clearbit_shortname
T9-0356,Cerebras Systems Inc.,cerebra.sa,clearbit_shortname
T9-0364,Credo Technology Group Holding Ltd,credobeauty.com,clearbit_shortname
T9-0366,HORTON D R INC /DE/,hortonsk9.com,clearbit_shortname
T9-0368,Ferguson Enterprises Inc. /DE/,ferguson.com,clearbit_shortname
T9-0371,WESTINGHOUSE AIR BRAKE TECHNOLOGIES CORP,westinghouse.com,clearbit_shortname
T9-0378,"Coinbase Global, Inc.",coinbase.com,clearbit_shortname
T9-0379,BECTON DICKINSON & CO,becton.com.au,clearbit_shortname
T9-0400,SWISSCOM AG,swisscom.ch,clearbit_shortname
T9-0421,WATERS CORP /DE/,waters.com,clearbit_shortname
T9-0435,ERICSSON LM TELEPHONE CO,ericsson.com,clearbit_shortname
T9-0474,BeOne Medicines Ltd.,beoneyoga.com.au,clearbit_shortname
T9-0477,ESTEE LAUDER COMPANIES INC,st-c.co.jp,clearbit_shortname
T9-0483,CITIZENS FINANCIAL GROUP INC/RI,citizensbank.com,clearbit_shortname
T9-0490,"Qnity Electronics, Inc.",qnityre.com,clearbit_shortname
T9-0494,CASEYS GENERAL STORES INC,caseys.com,clearbit_shortname
T9-0505,Kongsberg Gruppen ASA/ADR,gdongkai.com,clearbit_shortname
T9-0513,Otis Worldwide Corp,otis.com,clearbit_shortname
T9-0519,INNIO N.V.,innio.biz,clearbit_shortname
T9-0525,TENARIS SA,tenaris.com,clearbit_shortname
T9-0526,Fresenius SE & Co. KGaA,fresenius.com,clearbit_shortname
T9-0532,BERKLEY W R CORP,berkleysciencemagnet.com,clearbit_shortname
T9-0546,Synchrony Financial,synchrony.com,clearbit_shortname
T9-0549,PULTEGROUP INC/MI/,pultegroupinc.com,clearbit_shortname
T9-0554,"Rivian Automotive, Inc. / DE",rivian.com,clearbit_shortname
T9-0559,"Verisk Analytics, Inc.",verisk.com,clearbit_shortname
T9-0560,BioNTech SE,biontech.com,clearbit_shortname
T9-0561,nVent Electric plc,nvent.com,clearbit_shortname
T9-0570,Smurfit Westrock plc,smur-fit.co.uk,clearbit_shortname
T9-0586,"SoFi Technologies, Inc.",sofi.com,clearbit_shortname
T9-0590,VERISIGN INC/CA,verisign.com,clearbit_shortname
T9-0591,AerCap Holdings N.V.,aercap.com,clearbit_shortname
T9-0600,"FedEx Freight Holding Company, Inc.",fedex.com,clearbit_shortname
T9-0601,Tradeweb Markets Inc.,tradeweb.com,clearbit_shortname
T9-0606,EXPEDITORS INTERNATIONAL OF WASHINGTON INC,expeditors.com,clearbit_shortname
T9-0619,LENNAR CORP /NEW/,lennar.com,clearbit_shortname
T9-0621,TELEFONICA BRASIL S.A.,telefonica.com,clearbit_shortname
T9-0631,Bunge Global SA,bunge.com,clearbit_shortname
T9-0644,COGNIZANT TECHNOLOGY SOLUTIONS CORP,cognizant.com,clearbit_shortname
T9-0648,TELENOR ASA,telenor.no,clearbit_shortname
T9-0659,"DuPont de Nemours, Inc.",dupont.com,clearbit_shortname
T9-0675,Ascendis Pharma A/S,ascendis.ro,clearbit_shortname
T9-0679,CEMEX SAB DE CV,cemex.com,clearbit_shortname
T9-0686,GENMAB A/S,genmab.com,clearbit_shortname
T9-0693,LyondellBasell Industries N.V.,lyondellbasell.com,clearbit_shortname
T9-0706,Stellantis N.V.,stellantis.com,clearbit_shortname
T9-0711,MASCO CORP /DE/,masco.com,clearbit_shortname
T9-0714,"BROADRIDGE FINANCIAL SOLUTIONS, INC.",broadridge.com,clearbit_shortname
T9-0715,IDEX CORP /DE/,idexcorp.com,clearbit_shortname
T9-0718,SOMNIGROUP INTERNATIONAL INC.,somnigroup.com,clearbit_shortname
T9-0736,PLAINS ALL AMERICAN PIPELINE LP,3plains.com,clearbit_shortname
T9-0741,MILLICOM INTERNATIONAL CELLULAR SA,millicom.com,clearbit_shortname
T9-0742,DiDi Global Inc.,didiglobal.com,clearbit_shortname
T9-0756,"BridgeBio Pharma, Inc.",bridgebiopharma.co,clearbit_shortname
T9-0761,"HEALTHPEAK PROPERTIES, INC.",healthpeak.com,clearbit_shortname
T9-0771,Sprott Physical Gold Trust,sprott.com,clearbit_shortname
T9-0779,"Viper Energy, Inc.",directed.com,clearbit_shortname
T9-0793,"Forgent Power Solutions, Inc.",forgents.com,clearbit_shortname
T9-0804,Ally Financial Inc.,ally.com,clearbit_shortname
T9-0809,HORMEL FOODS CORP /DE/,hormel.com.cn,clearbit_shortname
T9-0811,PERUSAHAAN PERSEROAN PERSERO PT TELEKOMUNIKASI INDONESIA TBK,cahayacipta.com,clearbit_shortname
T9-0820,LOGITECH INTERNATIONAL S.A.,logitech.com,clearbit_shortname
T9-0822,lululemon athletica inc.,lululemon.com,clearbit_shortname
T9-0834,U-Haul Holding Co /NV/,uhaul.com,clearbit_shortname
T9-0857,Solstice Advanced Materials Inc.,solstice.us,clearbit_shortname
T9-0861,Fresenius Medical Care AG,fresenius.com,clearbit_shortname
T9-0871,Elanco Animal Health Inc,elanco.com,clearbit_shortname
T9-0883,Sprott Physical Silver Trust,sprott.com,clearbit_shortname
T9-0914,CLOROX CO /DE/,clorox.com,clearbit_shortname
T9-0915,AKZO NOBEL NV,agenciaakzo.com.br,clearbit_shortname
T9-0919,"Compass Sub North, Inc.",compass.com,clearbit_shortname
T9-0923,Paramount Skydance Corp,paramount.com,clearbit_shortname
T9-0925,Abivax S.A.,abivax.com,clearbit_shortname
T9-0928,Magnum Ice Cream Co N.V.,magnumicecream.com,clearbit_shortname
T9-0932,EMBRAER S.A.,embraer.com,clearbit_shortname
T9-0950,CACI INTERNATIONAL INC /DE/,caci.co.uk,clearbit_shortname
T9-0958,HECLA MINING CO/DE/,hecla.fr,clearbit_shortname
T9-0964,"Tempus AI, Inc.",tempus.com,clearbit_shortname
T9-0968,ACUITY INC. (DE),acuityinstruments.com,clearbit_shortname
T9-0969,Jefferies Financial Group Inc.,jefferies.com,clearbit_shortname
T9-0972,LITTELFUSE INC /DE,littelfuse.com,clearbit_shortname
T9-1017,Suzano S.A.,suzano.com.br,clearbit_shortname
T9-1020,"Oscar Health, Inc.",hioscar.com,clearbit_shortname
T9-1021,CORCEPT THERAPEUTICS INC,corcept.com,clearbit_shortname
T9-1036,Gildan Activewear Inc.,gildancorp.com,clearbit_shortname
T9-1041,"HALOZYME THERAPEUTICS, INC.",halozyme.com,clearbit_shortname
T9-1062,Primo Brands Corp,water.com,clearbit_shortname
T9-1073,FACTSET RESEARCH SYSTEMS INC,factset.com,clearbit_shortname
T9-1074,"Praxis Precision Medicines, Inc.",discoverpraxis.com,clearbit_shortname
T9-1079,ELDORADO GOLD CORP /FI,eldorado.gg,clearbit_shortname
T9-1082,Pandora A/S / ADR,pandora.com,clearbit_shortname
T9-1093,"Voya Financial, Inc.",voya.com,clearbit_shortname
T9-1099,PROSPERITY BANCSHARES INC,prosperity4x.com,clearbit_shortname
T9-1115,D-Wave Quantum Inc.,d-nami.co.jp,clearbit_shortname
T9-1118,QIAGEN N.V.,qiagen.com,clearbit_shortname
T9-1119,"Simpson Manufacturing Co., Inc.",simpsonltd.com,clearbit_shortname
T9-1122,Cipher Digital Inc.,carrycipher.com,clearbit_shortname
T9-1123,Ternium S.A.,ternium.com,clearbit_shortname
T9-1125,"Kinsale Capital Group, Inc.",kinsale1.com,clearbit_shortname
T9-1127,"BITMINE IMMERSION TECHNOLOGIES, INC.",bitminenetwork.com,clearbit_shortname
T9-1132,Mobileye Global Inc.,mobileye.com,clearbit_shortname
T9-1135,GERDAU S.A.,gerdau.com,clearbit_shortname
T9-1143,"Chime Financial, Inc.",chime.com,clearbit_shortname
T9-1148,EASTMAN CHEMICAL CO,eastman.com,clearbit_shortname
T9-1156,"HANOVER INSURANCE GROUP, INC.",hannover.de,clearbit_shortname
T9-1163,Sprott Physical Gold & Silver Trust,sprott.com,clearbit_shortname
T9-1168,BUENAVENTURA MINING CO INC,mpiobuenaventura.gob.mx,clearbit_shortname
T9-1174,Axalta Coating Systems Ltd.,axalta.com,clearbit_shortname
T9-1175,"Figure Technology Solutions, Inc.",figure.com,clearbit_shortname
T9-1176,HEXCEL CORP /DE/,hexcel.com,clearbit_shortname
T9-1195,VinFast Auto Ltd.,vinfastauto.com,clearbit_shortname
T9-1200,Terreno Realty Corp,terreno.com,clearbit_shortname
T9-1206,"Everus Construction Group, Inc.",everus.com,clearbit_shortname
T9-1218,Vibra Energia S.A./ADR,vibram.com,clearbit_shortname
T9-1228,PILGRIMS PRIDE CORP,pilgrims.ie,clearbit_shortname
T9-1233,Gates Industrial Corp plc,gates.com,clearbit_shortname
T9-1272,"Paycom Software, Inc.",pay.com,clearbit_shortname
T9-1275,Intercorp Financial Services Inc.,inter-corp.org,clearbit_shortname
T9-1298,"Solaris Energy Infrastructure, Inc.",solaris-shop.com,clearbit_shortname
T9-1299,"Schneider National, Inc.",schneider.com,clearbit_shortname
T9-1311,Global-E Online Ltd.,global-e.com,clearbit_shortname
T9-1321,MERCURY GENERAL CORP,mercury.com,clearbit_shortname
T9-1325,PORTLAND GENERAL ELECTRIC CO /OR/,portland.gov,clearbit_shortname
T9-1327,Enel Chile S.A.,enel.com,clearbit_shortname
T9-1338,Elastic N.V.,elastic.co,clearbit_shortname
T9-1348,Weatherford International plc,weatherford.com,clearbit_shortname
T9-1351,KITE REALTY GROUP TRUST,kite.com,clearbit_shortname
T9-1354,CRISPR Therapeutics AG,crispr-art.com,clearbit_shortname
T9-1365,"Phillips Edison & Company, Inc.",phillips.com,clearbit_shortname
T9-1374,"AVIS BUDGET GROUP, INC.",avis.com.tr,clearbit_shortname
T9-1383,PLAINS GP HOLDINGS LP,3plains.com,clearbit_shortname
T9-1386,SONOCO PRODUCTS CO,sonoco.com,clearbit_shortname
T9-1402,"NEXSTAR MEDIA GROUP, INC.",nexstart.co.uk,clearbit_shortname
T9-1446,"Dianthus Therapeutics, Inc. /DE/",dianthus.com.ar,clearbit_shortname
T9-1452,CHOICE HOTELS INTERNATIONAL INC /DE,choice.com.au,clearbit_shortname
T9-1457,TURKCELL ILETISIM HIZMETLERI A S,turkcell.com.tr,clearbit_shortname
T9-1469,VARONIS SYSTEMS INC,varonis.com,clearbit_shortname
T9-1472,"Remitly Global, Inc.",remitly.com,clearbit_shortname
T9-1481,"Millrose Properties, Inc.",millrose.co.uk,clearbit_shortname
T9-1485,"Alignment Healthcare, Inc.",alignmentinc.com,clearbit_shortname
T9-1490,Grifols SA,grifols.com,clearbit_shortname
T9-1523,Opendoor Technologies Inc.,opendoor.com,clearbit_shortname
T9-1526,"Indivior Pharmaceuticals, Inc.",indivior.com,clearbit_shortname
T9-1533,Octave Intelligence plc,findoctave.com,clearbit_shortname
T9-1535,AMERICOLD REALTY TRUST,americold.com,clearbit_shortname
T9-1537,"RESIDEO TECHNOLOGIES, INC.",resideo.com,clearbit_shortname
T9-1545,Neptune Insurance Holdings Inc.,neptune.com,clearbit_shortname
T9-1554,TEXAS CAPITAL BANCSHARES INC/TX,texas.gov,clearbit_shortname
T9-1569,Atour Lifestyle Holdings Ltd,yaduo.com,clearbit_shortname
T9-1571,Sportradar Group AG,sportradar.com,clearbit_shortname
T9-1572,AXCELIS TECHNOLOGIES INC,axcelis.com,clearbit_shortname
T9-1588,"PennyMac Financial Services, Inc.",pennymac.com,clearbit_shortname
T9-1592,Pampa Energy Inc.,usepampam.com,clearbit_shortname
T9-1603,Lionsgate Studios Corp.,lionsgate.com,clearbit_shortname
T9-1610,"Mirion Technologies, Inc.",mirion.com,clearbit_shortname
T9-1611,"Broadstone Net Lease, Inc.",broadstone.com,clearbit_shortname
T9-1619,"INDEPENDENCE REALTY TRUST, INC.",independence-chicago.com,clearbit_shortname
T9-1624,SEABOARD CORP /DE/,seaboardcorp.com,clearbit_shortname
T9-1635,ABERCROMBIE & FITCH CO /DE/,asg-adj.com,clearbit_shortname
T9-1640,"Concentra Group Holdings Parent, Inc.",concentra.com,clearbit_shortname
T9-1643,NewAmsterdam Pharma Co N.V.,thenewamsterdamgroup.com,clearbit_shortname
T9-1647,Atmus Filtration Technologies Inc.,myatmus.com,clearbit_shortname
T9-1658,CONSTELLIUM SE,constellium.com,clearbit_shortname
T9-1665,STANDEX INTERNATIONAL CORP/DE/,standexe.com,clearbit_shortname
T9-1669,CHEESECAKE FACTORY INC,cheesecake1.com.tw,clearbit_shortname
T9-1675,Cellebrite DI Ltd.,cellebrite.com,clearbit_shortname
T9-1681,MATTEL INC /DE/,mattel.com,clearbit_shortname
T9-1685,"CATALYST PHARMACEUTICALS, INC.",catalyst.io,clearbit_shortname
T9-1688,OCEANEERING INTERNATIONAL INC,oceaneering.com,clearbit_shortname
T9-1690,BANCFIRST CORP /OK/,bancfirst.bank,clearbit_shortname
T9-1701,Adaro Energy PT/ADR/,adaro.es,clearbit_shortname
T9-1710,Evolution Metals & Technologies Corp.,evolution.com,clearbit_shortname
T9-1723,GENWORTH FINANCIAL INC,genworth.com,clearbit_shortname
T9-1733,"Parabilis Medicines, Inc.",parabilis.com,clearbit_shortname
T9-1743,ANDINA BOTTLING CO INC,andinadecor.com,clearbit_shortname
T9-1745,Skeena Resources Ltd,skeenacatskiing.ca,clearbit_shortname
T9-1748,"COMMUNITY FINANCIAL SYSTEM, INC.",community.com,clearbit_shortname
T9-1759,VEECO INSTRUMENTS INC,veeco.com,clearbit_shortname
T9-1768,Xanadu Quantum Technologies Ltd,xanadu.ne.jp,clearbit_shortname
T9-1769,Curbline Properties Corp.,curbline.com,clearbit_shortname
T9-1786,ALLIANCEBERNSTEIN HOLDING L.P.,alliancebernstein.com,clearbit_shortname
T9-1787,Adaptive Biotechnologies Corp,adaptive.com,clearbit_shortname
T9-1794,Bitdeer Technologies Group,bitdeer.com,clearbit_shortname
T9-1796,Titan America SA,titan.co.in,clearbit_shortname
T9-1800,SIMMONS FIRST NATIONAL CORP,simmonsinc.com,clearbit_shortname
T9-1803,Ultragenyx Pharmaceutical Inc.,ultragenyx.com,clearbit_shortname
T9-1817,TERADATA CORP /DE/,teradata.com,clearbit_shortname
T9-1830,"Vesta Real Estate Corporation, S.A.B. de C.V.",vesta-sleep.com,clearbit_shortname
T9-1832,Allegiant Travel CO,allegiantair.com,clearbit_shortname
T9-1837,"Calumet, Inc. /DE",calumettownship.org,clearbit_shortname
T9-1844,"Fluence Energy, Inc.",fluence.io,clearbit_shortname
T9-1845,"ARRAY DIGITAL INFRASTRUCTURE, INC.",array.com,clearbit_shortname
T9-1852,ARCBEST CORP /DE/,arcb.com,clearbit_shortname
T9-1868,"Crane NXT, Co.",crane.com,clearbit_shortname
T9-1881,Polestar Automotive Holding UK PLC,polestar.com,clearbit_shortname
T9-1895,NETSCOUT SYSTEMS INC,netscout.com,clearbit_shortname
T9-1904,"BLACKSTONE MORTGAGE TRUST, INC.",blackstone.com,clearbit_shortname
T9-1914,uniQure N.V.,uniqure.com,clearbit_shortname
T9-1924,"SOUNDHOUND AI, INC.",midomi.com,clearbit_shortname
T9-1927,NOVAGOLD RESOURCES INC,novagold.com,clearbit_shortname
T9-1931,"Tarsus Pharmaceuticals, Inc.",tarsusinc.com,clearbit_shortname
T9-1932,DUCOMMUN INC /DE/,ducommun.ch,clearbit_shortname
T9-1947,"CLOVER HEALTH INVESTMENTS, CORP. /DE",clover.com,clearbit_shortname
T9-1975,Boyd Group Services Inc.,boydcorp.com,clearbit_shortname
T9-1989,"Guardian Pharmacy Services, Inc.",guardianlife.com,clearbit_shortname
T9-1992,FORTUNA MINING CORP.,ifortuna.sk,clearbit_shortname
